"Date","HTeam","HScore","ATeam","AScore","hID","aID","win"
2016-10-25,"New York Knicks",88,"Cleveland Cavaliers",117,20,6,6
2016-10-25,"Utah Jazz",104,"Portland Trail Blazers",113,29,25,25
2016-10-25,"San Antonio Spurs",129,"Golden State Warriors",100,27,10,27
2016-10-26,"Dallas Mavericks",121,"Indiana Pacers",130,7,12,12
2016-10-26,"Miami Heat",108,"Orlando Magic",96,16,22,16
2016-10-26,"Brooklyn Nets",117,"Boston Celtics",122,3,2,2
2016-10-26,"Detroit Pistons",91,"Toronto Raptors",109,9,28,28
2016-10-26,"Denver Nuggets",107,"New Orleans Pelicans",102,8,19,8
2016-10-26,"Charlotte Hornets",107,"Milwaukee Bucks",96,4,17,4
2016-10-26,"Minnesota Timberwolves",98,"Memphis Grizzlies",102,18,15,15
2016-10-26,"Oklahoma City Thunder",103,"Philadelphia 76ers",97,21,23,21
2016-10-26,"Sacramento Kings",113,"Phoenix Suns",94,26,24,26
2016-10-26,"Houston Rockets",114,"Los Angeles Lakers",120,11,14,14
2016-10-27,"Washington Wizards",99,"Atlanta Hawks",114,30,1,1
2016-10-27,"Boston Celtics",99,"Chicago Bulls",105,2,5,5
2016-10-27,"Los Angeles Clippers",114,"Portland Trail Blazers",106,13,25,13
2016-10-27,"San Antonio Spurs",102,"Sacramento Kings",94,27,26,27
2016-10-28,"Cleveland Cavaliers",94,"Toronto Raptors",91,6,28,6
2016-10-28,"Indiana Pacers",94,"Brooklyn Nets",103,12,3,3
2016-10-28,"Orlando Magic",82,"Detroit Pistons",108,22,9,9
2016-10-28,"Phoenix Suns",110,"Oklahoma City Thunder",113,24,21,21
2016-10-28,"Charlotte Hornets",97,"Miami Heat",91,4,16,4
2016-10-28,"Houston Rockets",106,"Dallas Mavericks",98,11,7,11
2016-10-28,"Los Angeles Lakers",89,"Utah Jazz",96,14,29,29
2016-10-28,"Golden State Warriors",122,"New Orleans Pelicans",114,10,19,10
2016-10-29,"Atlanta Hawks",104,"Philadelphia 76ers",72,1,23,1
2016-10-29,"Boston Celtics",104,"Charlotte Hornets",98,2,4,2
2016-10-29,"Orlando Magic",99,"Cleveland Cavaliers",105,22,6,6
2016-10-29,"Memphis Grizzlies",104,"New York Knicks",111,15,20,20
2016-10-29,"New Orleans Pelicans",79,"San Antonio Spurs",98,19,27,27
2016-10-29,"Brooklyn Nets",108,"Milwaukee Bucks",110,3,17,17
2016-10-29,"Indiana Pacers",101,"Chicago Bulls",118,12,5,5
2016-10-29,"Portland Trail Blazers",115,"Denver Nuggets",113,25,8,25
2016-10-29,"Minnesota Timberwolves",103,"Sacramento Kings",106,18,26,26
2016-10-30,"Utah Jazz",75,"Los Angeles Clippers",88,29,13,13
2016-10-30,"Milwaukee Bucks",83,"Detroit Pistons",98,17,9,9
2016-10-30,"Golden State Warriors",106,"Phoenix Suns",100,10,24,10
2016-10-30,"San Antonio Spurs",106,"Miami Heat",99,27,16,27
2016-10-30,"Los Angeles Lakers",96,"Oklahoma City Thunder",113,14,21,21
2016-10-30,"Washington Wizards",103,"Memphis Grizzlies",112,30,15,15
2016-10-30,"Dallas Mavericks",92,"Houston Rockets",93,7,11,11
2016-10-31,"Sacramento Kings",95,"Atlanta Hawks",106,26,1,1
2016-10-31,"Chicago Bulls",118,"Brooklyn Nets",88,5,3,5
2016-10-31,"Denver Nuggets",102,"Toronto Raptors",105,8,28,28
2016-10-31,"Phoenix Suns",98,"Los Angeles Clippers",116,24,13,13
2016-11-01,"Houston Rockets",120,"Cleveland Cavaliers",128,11,6,6
2016-11-01,"Los Angeles Lakers",108,"Indiana Pacers",115,14,12,12
2016-11-01,"Orlando Magic",103,"Philadelphia 76ers",101,22,23,22
2016-11-01,"New York Knicks",89,"Detroit Pistons",102,20,9,9
2016-11-01,"Sacramento Kings",96,"Miami Heat",108,26,16,16
2016-11-01,"Memphis Grizzlies",80,"Minnesota Timberwolves",116,15,18,18
2016-11-01,"Milwaukee Bucks",117,"New Orleans Pelicans",113,17,19,17
2016-11-01,"Utah Jazz",106,"San Antonio Spurs",91,29,27,29
2016-11-01,"Golden State Warriors",127,"Portland Trail Blazers",104,10,25,10
2016-11-02,"Philadelphia 76ers",93,"Charlotte Hornets",109,23,4,4
2016-11-02,"Toronto Raptors",113,"Washington Wizards",103,28,30,28
2016-11-02,"Los Angeles Lakers",123,"Atlanta Hawks",116,14,1,14
2016-11-02,"Detroit Pistons",101,"Brooklyn Nets",109,9,3,3
2016-11-02,"Houston Rockets",118,"New York Knicks",99,11,20,11
2016-11-02,"Chicago Bulls",100,"Boston Celtics",107,5,2,2
2016-11-02,"New Orleans Pelicans",83,"Memphis Grizzlies",89,19,15,15
2016-11-02,"Dallas Mavericks",81,"Utah Jazz",97,7,29,29
2016-11-02,"Portland Trail Blazers",115,"Phoenix Suns",118,25,24,24
2016-11-02,"Oklahoma City Thunder",85,"Los Angeles Clippers",83,21,13,21
2016-11-03,"Sacramento Kings",94,"Orlando Magic",102,26,22,22
2016-11-03,"Boston Celtics",122,"Cleveland Cavaliers",128,2,6,6
2016-11-03,"Indiana Pacers",107,"Milwaukee Bucks",125,12,17,17
2016-11-03,"Denver Nuggets",102,"Minnesota Timberwolves",99,8,18,8
2016-11-03,"Oklahoma City Thunder",96,"Golden State Warriors",122,21,10,10
2016-11-04,"Atlanta Hawks",92,"Washington Wizards",95,1,30,30
2016-11-04,"Charlotte Hornets",99,"Brooklyn Nets",95,4,3,4
2016-11-04,"Miami Heat",87,"Toronto Raptors",96,16,28,28
2016-11-04,"New York Knicks",117,"Chicago Bulls",104,20,5,20
2016-11-04,"Los Angeles Clippers",99,"Memphis Grizzlies",88,13,15,13
2016-11-04,"Phoenix Suns",112,"New Orleans Pelicans",111,24,19,24
2016-11-04,"Portland Trail Blazers",105,"Dallas Mavericks",95,25,7,25
2016-11-04,"San Antonio Spurs",100,"Utah Jazz",86,27,29,27
2016-11-04,"Golden State Warriors",97,"Los Angeles Lakers",117,10,14,14
2016-11-05,"Minnesota Timberwolves",92,"Oklahoma City Thunder",112,18,21,21
2016-11-05,"Denver Nuggets",86,"Detroit Pistons",103,8,9,9
2016-11-05,"Chicago Bulls",94,"Indiana Pacers",111,5,12,12
2016-11-05,"Washington Wizards",86,"Orlando Magic",88,30,22,22
2016-11-05,"Cleveland Cavaliers",102,"Philadelphia 76ers",101,6,23,6
2016-11-05,"Houston Rockets",97,"Atlanta Hawks",112,11,1,1
2016-11-05,"Sacramento Kings",91,"Milwaukee Bucks",117,26,17,17
2016-11-05,"Los Angeles Clippers",116,"San Antonio Spurs",92,13,27,13
2016-11-06,"Utah Jazz",114,"New York Knicks",109,29,20,29
2016-11-06,"Portland Trail Blazers",100,"Memphis Grizzlies",94,25,15,25
2016-11-06,"Sacramento Kings",96,"Toronto Raptors",91,26,28,26
2016-11-06,"Milwaukee Bucks",75,"Dallas Mavericks",86,17,7,7
2016-11-06,"Denver Nuggets",123,"Boston Celtics",107,8,2,8
2016-11-06,"Phoenix Suns",108,"Los Angeles Lakers",119,24,14,14
2016-11-07,"Indiana Pacers",100,"Charlotte Hornets",122,12,4,4
2016-11-07,"Utah Jazz",109,"Philadelphia 76ers",84,29,23,29
2016-11-07,"Houston Rockets",114,"Washington Wizards",106,11,30,11
2016-11-07,"Orlando Magic",80,"Chicago Bulls",112,22,5,5
2016-11-07,"Miami Heat",85,"Oklahoma City Thunder",97,16,21,21
2016-11-07,"New Orleans Pelicans",106,"Golden State Warriors",116,19,10,10
2016-11-07,"Detroit Pistons",82,"Los Angeles Clippers",114,9,13,13
2016-11-08,"Atlanta Hawks",110,"Cleveland Cavaliers",106,1,6,1
2016-11-08,"Minnesota Timberwolves",110,"Brooklyn Nets",119,18,3,3
2016-11-08,"Denver Nuggets",107,"Memphis Grizzlies",108,8,15,15
2016-11-08,"Phoenix Suns",121,"Portland Trail Blazers",124,24,25,25
2016-11-08,"Dallas Mavericks",109,"Los Angeles Lakers",97,7,14,7
2016-11-08,"New Orleans Pelicans",94,"Sacramento Kings",102,19,26,26
2016-11-09,"Utah Jazz",98,"Charlotte Hornets",104,29,4,4
2016-11-09,"Philadelphia 76ers",115,"Indiana Pacers",122,23,12,12
2016-11-09,"Brooklyn Nets",96,"New York Knicks",110,3,20,20
2016-11-09,"Minnesota Timberwolves",123,"Orlando Magic",107,18,22,18
2016-11-09,"Boston Celtics",93,"Washington Wizards",118,2,30,30
2016-11-09,"Chicago Bulls",107,"Atlanta Hawks",115,5,1,1
2016-11-09,"Toronto Raptors",112,"Oklahoma City Thunder",102,28,21,28
2016-11-09,"Detroit Pistons",100,"Phoenix Suns",107,9,24,24
2016-11-09,"Houston Rockets",101,"San Antonio Spurs",99,11,27,11
2016-11-09,"Dallas Mavericks",95,"Golden State Warriors",116,7,10,10
2016-11-09,"Portland Trail Blazers",80,"Los Angeles Clippers",111,25,13,13
2016-11-10,"Chicago Bulls",98,"Miami Heat",95,5,16,5
2016-11-10,"New Orleans Pelicans",112,"Milwaukee Bucks",106,19,17,19
2016-11-10,"Golden State Warriors",125,"Denver Nuggets",101,10,8,10
2016-11-10,"Los Angeles Lakers",101,"Sacramento Kings",91,14,26,14
2016-11-11,"Toronto Raptors",113,"Charlotte Hornets",111,28,4,28
2016-11-11,"Utah Jazz",87,"Orlando Magic",74,29,22,29
2016-11-11,"Indiana Pacers",105,"Philadelphia 76ers",109,12,23,23
2016-11-11,"Cleveland Cavaliers",105,"Washington Wizards",94,6,30,6
2016-11-11,"New York Knicks",87,"Boston Celtics",115,20,2,2
2016-11-11,"Los Angeles Clippers",110,"Oklahoma City Thunder",108,13,21,13
2016-11-11,"Detroit Pistons",86,"San Antonio Spurs",96,9,27,27
2016-11-11,"Sacramento Kings",120,"Portland Trail Blazers",122,26,25,25
2016-11-12,"Boston Celtics",105,"Indiana Pacers",99,2,12,2
2016-11-12,"Los Angeles Lakers",126,"New Orleans Pelicans",99,14,19,14
2016-11-12,"Philadelphia 76ers",96,"Atlanta Hawks",117,23,1,1
2016-11-12,"New York Knicks",107,"Toronto Raptors",118,20,28,28
2016-11-12,"Washington Wizards",95,"Chicago Bulls",106,30,5,5
2016-11-12,"San Antonio Spurs",106,"Houston Rockets",100,27,11,27
2016-11-12,"Utah Jazz",102,"Miami Heat",91,29,16,29
2016-11-12,"Los Angeles Clippers",119,"Minnesota Timberwolves",105,13,18,13
2016-11-12,"Memphis Grizzlies",96,"Milwaukee Bucks",106,15,17,17
2016-11-12,"Detroit Pistons",106,"Denver Nuggets",95,9,8,9
2016-11-12,"Brooklyn Nets",122,"Phoenix Suns",104,3,24,3
2016-11-13,"Charlotte Hornets",93,"Cleveland Cavaliers",100,4,6,6
2016-11-13,"Los Angeles Lakers",99,"Minnesota Timberwolves",125,14,18,18
2016-11-13,"Orlando Magic",119,"Oklahoma City Thunder",117,22,21,22
2016-11-13,"Phoenix Suns",120,"Golden State Warriors",133,24,10,10
2016-11-13,"Denver Nuggets",105,"Portland Trail Blazers",112,8,25,25
2016-11-14,"Orlando Magic",69,"Indiana Pacers",88,22,12,12
2016-11-14,"Oklahoma City Thunder",88,"Detroit Pistons",104,21,9,9
2016-11-14,"Dallas Mavericks",77,"New York Knicks",93,7,20,20
2016-11-14,"Philadelphia 76ers",88,"Houston Rockets",115,23,11,11
2016-11-14,"Boston Celtics",105,"New Orleans Pelicans",106,2,19,19
2016-11-14,"Miami Heat",90,"San Antonio Spurs",94,16,27,27
2016-11-14,"Memphis Grizzlies",102,"Utah Jazz",96,15,29,15
2016-11-14,"Brooklyn Nets",95,"Los Angeles Clippers",127,3,13,13
2016-11-15,"Toronto Raptors",117,"Cleveland Cavaliers",121,28,6,6
2016-11-15,"Atlanta Hawks",93,"Miami Heat",90,1,16,1
2016-11-15,"Charlotte Hornets",115,"Minnesota Timberwolves",108,4,18,4
2016-11-15,"Chicago Bulls",113,"Portland Trail Blazers",88,5,25,5
2016-11-15,"Brooklyn Nets",118,"Los Angeles Lakers",125,3,14,14
2016-11-16,"Cleveland Cavaliers",93,"Indiana Pacers",103,6,12,12
2016-11-16,"New Orleans Pelicans",82,"Orlando Magic",89,19,22,22
2016-11-16,"Washington Wizards",102,"Philadelphia 76ers",109,30,23,23
2016-11-16,"Milwaukee Bucks",100,"Atlanta Hawks",107,17,1,1
2016-11-16,"Dallas Mavericks",83,"Boston Celtics",90,7,2,2
2016-11-16,"Detroit Pistons",102,"New York Knicks",105,9,20,20
2016-11-16,"Houston Rockets",103,"Oklahoma City Thunder",105,11,21,21
2016-11-16,"Golden State Warriors",127,"Toronto Raptors",121,10,28,10
2016-11-16,"Phoenix Suns",104,"Denver Nuggets",120,24,8,8
2016-11-16,"Memphis Grizzlies",111,"Los Angeles Clippers",107,15,13,15
2016-11-16,"San Antonio Spurs",110,"Sacramento Kings",105,27,26,27
2016-11-17,"New York Knicks",112,"Washington Wizards",119,20,30,30
2016-11-17,"Milwaukee Bucks",73,"Miami Heat",96,17,16,16
2016-11-17,"Portland Trail Blazers",109,"Houston Rockets",126,25,11,11
2016-11-17,"Philadelphia 76ers",86,"Minnesota Timberwolves",110,23,18,18
2016-11-17,"Chicago Bulls",85,"Utah Jazz",77,5,29,5
2016-11-18,"Atlanta Hawks",96,"Charlotte Hornets",100,1,4,4
2016-11-18,"Phoenix Suns",116,"Indiana Pacers",96,24,12,24
2016-11-18,"Detroit Pistons",81,"Cleveland Cavaliers",104,9,6,6
2016-11-18,"Golden State Warriors",104,"Boston Celtics",88,10,2,10
2016-11-18,"Portland Trail Blazers",101,"New Orleans Pelicans",113,25,19,19
2016-11-18,"Brooklyn Nets",105,"Oklahoma City Thunder",124,3,21,21
2016-11-18,"Memphis Grizzlies",80,"Dallas Mavericks",64,15,7,15
2016-11-18,"Toronto Raptors",113,"Denver Nuggets",111,28,8,28
2016-11-18,"San Antonio Spurs",116,"Los Angeles Lakers",107,27,14,27
2016-11-18,"Los Angeles Clippers",121,"Sacramento Kings",115,13,26,13
2016-11-19,"Utah Jazz",102,"Houston Rockets",111,29,11,11
2016-11-19,"Boston Celtics",94,"Detroit Pistons",92,2,9,2
2016-11-19,"Charlotte Hornets",116,"New Orleans Pelicans",121,4,19,19
2016-11-19,"Dallas Mavericks",87,"Orlando Magic",95,7,22,22
2016-11-19,"Miami Heat",114,"Washington Wizards",111,16,30,16
2016-11-19,"Phoenix Suns",105,"Philadelphia 76ers",120,24,23,23
2016-11-19,"Minnesota Timberwolves",71,"Memphis Grizzlies",93,18,15,15
2016-11-19,"Golden State Warriors",124,"Milwaukee Bucks",121,10,17,10
2016-11-19,"Chicago Bulls",95,"Los Angeles Clippers",102,5,13,13
2016-11-20,"Atlanta Hawks",94,"New York Knicks",104,1,20,20
2016-11-20,"Portland Trail Blazers",129,"Brooklyn Nets",109,25,3,25
2016-11-20,"Indiana Pacers",115,"Oklahoma City Thunder",111,12,21,12
2016-11-20,"Utah Jazz",91,"Denver Nuggets",105,29,8,8
2016-11-20,"Toronto Raptors",99,"Sacramento Kings",102,28,26,26
2016-11-20,"Chicago Bulls",118,"Los Angeles Lakers",110,5,14,5
2016-11-21,"Memphis Grizzlies",105,"Charlotte Hornets",90,15,4,15
2016-11-21,"Golden State Warriors",120,"Indiana Pacers",83,10,12,10
2016-11-21,"Miami Heat",94,"Philadelphia 76ers",101,16,23,23
2016-11-21,"Phoenix Suns",101,"Washington Wizards",106,24,30,30
2016-11-21,"Houston Rockets",99,"Detroit Pistons",96,11,9,11
2016-11-21,"Orlando Magic",89,"Milwaukee Bucks",93,22,17,17
2016-11-21,"Boston Celtics",99,"Minnesota Timberwolves",93,2,18,2
2016-11-21,"Dallas Mavericks",91,"San Antonio Spurs",96,7,27,27
2016-11-21,"Toronto Raptors",115,"Los Angeles Clippers",123,28,13,13
2016-11-22,"New Orleans Pelicans",112,"Atlanta Hawks",94,19,1,19
2016-11-22,"Portland Trail Blazers",103,"New York Knicks",107,25,20,20
2016-11-22,"Chicago Bulls",107,"Denver Nuggets",110,5,8,8
2016-11-22,"Oklahoma City Thunder",109,"Los Angeles Lakers",111,21,14,14
2016-11-23,"San Antonio Spurs",119,"Charlotte Hornets",114,27,4,27
2016-11-23,"Portland Trail Blazers",125,"Cleveland Cavaliers",137,25,6,6
2016-11-23,"Atlanta Hawks",96,"Indiana Pacers",85,1,12,1
2016-11-23,"Phoenix Suns",92,"Orlando Magic",87,24,22,24
2016-11-23,"Memphis Grizzlies",104,"Philadelphia 76ers",99,15,23,15
2016-11-23,"Boston Celtics",111,"Brooklyn Nets",92,2,3,2
2016-11-23,"Miami Heat",84,"Detroit Pistons",107,16,9,9
2016-11-23,"Toronto Raptors",115,"Houston Rockets",102,28,11,28
2016-11-23,"Los Angeles Clippers",124,"Dallas Mavericks",104,13,7,13
2016-11-23,"Denver Nuggets",83,"Utah Jazz",108,8,29,29
2016-11-23,"Minnesota Timberwolves",96,"New Orleans Pelicans",117,18,19,19
2016-11-23,"Los Angeles Lakers",106,"Golden State Warriors",149,14,10,10
2016-11-23,"Oklahoma City Thunder",101,"Sacramento Kings",116,21,26,26
2016-11-25,"San Antonio Spurs",109,"Boston Celtics",103,27,2,27
2016-11-25,"Washington Wizards",94,"Orlando Magic",91,30,22,30
2016-11-25,"Dallas Mavericks",90,"Cleveland Cavaliers",128,7,6,6
2016-11-25,"Los Angeles Clippers",97,"Detroit Pistons",108,13,9,9
2016-11-25,"Charlotte Hornets",111,"New York Knicks",113,4,20,20
2016-11-25,"Chicago Bulls",105,"Philadelphia 76ers",89,5,23,5
2016-11-25,"Brooklyn Nets",97,"Indiana Pacers",118,3,12,12
2016-11-25,"Miami Heat",90,"Memphis Grizzlies",81,16,15,16
2016-11-25,"Toronto Raptors",105,"Milwaukee Bucks",99,28,17,28
2016-11-25,"Atlanta Hawks",68,"Utah Jazz",95,1,29,29
2016-11-25,"Oklahoma City Thunder",132,"Denver Nuggets",129,21,8,21
2016-11-25,"Minnesota Timberwolves",98,"Phoenix Suns",85,18,24,18
2016-11-25,"New Orleans Pelicans",104,"Portland Trail Blazers",119,19,25,25
2016-11-25,"Golden State Warriors",109,"Los Angeles Lakers",85,10,14,10
2016-11-25,"Houston Rockets",117,"Sacramento Kings",104,11,26,11
2016-11-26,"New York Knicks",102,"Charlotte Hornets",107,20,4,4
2016-11-26,"San Antonio Spurs",112,"Washington Wizards",100,27,30,27
2016-11-26,"Memphis Grizzlies",110,"Miami Heat",107,15,16,15
2016-11-26,"Detroit Pistons",88,"Oklahoma City Thunder",106,9,21,21
2016-11-26,"Minnesota Timberwolves",102,"Golden State Warriors",115,18,10,10
2016-11-27,"Cleveland Cavaliers",112,"Philadelphia 76ers",108,6,23,6
2016-11-27,"Denver Nuggets",120,"Phoenix Suns",114,8,24,8
2016-11-27,"Sacramento Kings",122,"Brooklyn Nets",105,26,3,26
2016-11-27,"Los Angeles Clippers",70,"Indiana Pacers",91,13,12,12
2016-11-27,"Milwaukee Bucks",104,"Orlando Magic",96,17,22,17
2016-11-27,"New Orleans Pelicans",81,"Dallas Mavericks",91,19,7,7
2016-11-27,"Houston Rockets",130,"Portland Trail Blazers",114,11,25,11
2016-11-27,"Atlanta Hawks",94,"Los Angeles Lakers",109,1,14,14
2016-11-28,"Sacramento Kings",95,"Washington Wizards",101,26,30,30
2016-11-28,"Boston Celtics",112,"Miami Heat",104,2,16,2
2016-11-28,"Oklahoma City Thunder",112,"New York Knicks",103,21,20,21
2016-11-28,"Philadelphia 76ers",95,"Toronto Raptors",122,23,28,28
2016-11-28,"Charlotte Hornets",104,"Memphis Grizzlies",85,4,15,4
2016-11-28,"Utah Jazz",112,"Minnesota Timberwolves",103,29,18,29
2016-11-28,"Atlanta Hawks",100,"Golden State Warriors",105,1,10,10
2016-11-29,"Detroit Pistons",112,"Charlotte Hornets",89,9,4,9
2016-11-29,"Los Angeles Clippers",122,"Brooklyn Nets",127,13,3,3
2016-11-29,"Cleveland Cavaliers",101,"Milwaukee Bucks",118,6,17,17
2016-11-29,"Los Angeles Lakers",88,"New Orleans Pelicans",105,14,19,19
2016-11-29,"Orlando Magic",95,"San Antonio Spurs",83,22,27,22
2016-11-29,"Houston Rockets",101,"Utah Jazz",120,11,29,29
2016-11-30,"Detroit Pistons",121,"Boston Celtics",114,9,2,9
2016-11-30,"Memphis Grizzlies",105,"Toronto Raptors",120,15,28,28
2016-11-30,"Los Angeles Lakers",96,"Chicago Bulls",90,14,5,14
2016-11-30,"New York Knicks",106,"Minnesota Timberwolves",104,20,18,20
2016-11-30,"Washington Wizards",115,"Oklahoma City Thunder",126,30,21,21
2016-11-30,"San Antonio Spurs",94,"Dallas Mavericks",87,27,7,27
2016-11-30,"Miami Heat",106,"Denver Nuggets",98,16,8,16
2016-11-30,"Atlanta Hawks",107,"Phoenix Suns",109,1,24,24
2016-11-30,"Indiana Pacers",109,"Portland Trail Blazers",131,12,25,25
2016-12-01,"Dallas Mavericks",87,"Charlotte Hornets",97,7,4,4
2016-12-01,"Milwaukee Bucks",111,"Brooklyn Nets",93,17,3,17
2016-12-01,"Los Angeles Clippers",113,"Cleveland Cavaliers",94,13,6,13
2016-12-01,"Orlando Magic",94,"Memphis Grizzlies",95,22,15,15
2016-12-01,"Miami Heat",111,"Utah Jazz",110,16,29,16
2016-12-01,"Houston Rockets",132,"Golden State Warriors",127,11,10,11
2016-12-02,"Orlando Magic",105,"Philadelphia 76ers",88,22,23,22
2016-12-02,"Sacramento Kings",92,"Boston Celtics",97,26,2,2
2016-12-02,"Minnesota Timberwolves",114,"New York Knicks",118,18,20,20
2016-12-02,"Los Angeles Lakers",80,"Toronto Raptors",113,14,28,28
2016-12-02,"Detroit Pistons",121,"Atlanta Hawks",85,9,1,9
2016-12-02,"Cleveland Cavaliers",105,"Chicago Bulls",111,6,5,5
2016-12-02,"Los Angeles Clippers",114,"New Orleans Pelicans",96,13,19,13
2016-12-02,"Washington Wizards",105,"San Antonio Spurs",107,30,27,27
2016-12-02,"Houston Rockets",128,"Denver Nuggets",110,11,8,11
2016-12-03,"Brooklyn Nets",103,"Milwaukee Bucks",112,3,17,17
2016-12-03,"Minnesota Timberwolves",125,"Charlotte Hornets",120,18,4,18
2016-12-03,"Boston Celtics",107,"Philadelphia 76ers",106,2,23,2
2016-12-03,"Atlanta Hawks",84,"Toronto Raptors",128,1,28,28
2016-12-03,"Los Angeles Lakers",100,"Memphis Grizzlies",103,14,15,15
2016-12-03,"Chicago Bulls",82,"Dallas Mavericks",107,5,7,7
2016-12-03,"Denver Nuggets",98,"Utah Jazz",105,8,29,29
2016-12-03,"Miami Heat",92,"Portland Trail Blazers",99,16,25,25
2016-12-03,"Phoenix Suns",109,"Golden State Warriors",138,24,10,10
2016-12-04,"Orlando Magic",98,"Detroit Pistons",92,22,9,22
2016-12-04,"New Orleans Pelicans",92,"Oklahoma City Thunder",101,19,21,21
2016-12-04,"Sacramento Kings",98,"New York Knicks",106,26,20,20
2016-12-04,"Indiana Pacers",111,"Los Angeles Clippers",102,12,13,12
2016-12-05,"Denver Nuggets",106,"Philadelphia 76ers",98,8,23,8
2016-12-05,"Oklahoma City Thunder",102,"Atlanta Hawks",99,21,1,21
2016-12-05,"Washington Wizards",118,"Brooklyn Nets",113,30,3,30
2016-12-05,"Cleveland Cavaliers",116,"Toronto Raptors",112,6,28,6
2016-12-05,"Portland Trail Blazers",112,"Chicago Bulls",110,25,5,25
2016-12-05,"Boston Celtics",106,"Houston Rockets",107,2,11,11
2016-12-05,"San Antonio Spurs",97,"Milwaukee Bucks",96,27,17,27
2016-12-05,"Memphis Grizzlies",110,"New Orleans Pelicans",108,15,19,15
2016-12-05,"Charlotte Hornets",109,"Dallas Mavericks",101,4,7,4
2016-12-05,"Indiana Pacers",106,"Golden State Warriors",142,12,10,10
2016-12-05,"Utah Jazz",107,"Los Angeles Lakers",101,29,14,29
2016-12-06,"Orlando Magic",124,"Washington Wizards",116,22,30,22
2016-12-06,"Chicago Bulls",91,"Detroit Pistons",102,5,9,9
2016-12-06,"New York Knicks",114,"Miami Heat",103,20,16,20
2016-12-06,"Philadelphia 76ers",91,"Memphis Grizzlies",96,23,15,15
2016-12-06,"San Antonio Spurs",105,"Minnesota Timberwolves",91,27,18,27
2016-12-06,"Phoenix Suns",105,"Utah Jazz",112,24,29,29
2016-12-07,"Detroit Pistons",77,"Charlotte Hornets",87,9,4,4
2016-12-07,"Boston Celtics",117,"Orlando Magic",87,2,22,2
2016-12-07,"Miami Heat",95,"Atlanta Hawks",103,16,1,1
2016-12-07,"Denver Nuggets",111,"Brooklyn Nets",116,8,3,3
2016-12-07,"Los Angeles Lakers",95,"Houston Rockets",134,14,11,11
2016-12-07,"Portland Trail Blazers",107,"Milwaukee Bucks",115,25,17,17
2016-12-07,"Cleveland Cavaliers",126,"New York Knicks",94,6,20,6
2016-12-07,"Sacramento Kings",120,"Dallas Mavericks",89,26,7,26
2016-12-07,"Indiana Pacers",109,"Phoenix Suns",94,12,24,12
2016-12-07,"Golden State Warriors",115,"Los Angeles Clippers",98,10,13,10
2016-12-08,"Minnesota Timberwolves",110,"Toronto Raptors",124,18,28,28
2016-12-08,"Denver Nuggets",85,"Washington Wizards",92,8,30,30
2016-12-08,"Portland Trail Blazers",86,"Memphis Grizzlies",88,25,15,15
2016-12-08,"Philadelphia 76ers",99,"New Orleans Pelicans",88,23,19,23
2016-12-08,"Golden State Warriors",106,"Utah Jazz",99,10,29,10
2016-12-08,"San Antonio Spurs",91,"Chicago Bulls",95,27,5,5
2016-12-09,"Orlando Magic",88,"Charlotte Hornets",109,22,4,4
2016-12-09,"Toronto Raptors",101,"Boston Celtics",94,28,2,28
2016-12-09,"Miami Heat",84,"Cleveland Cavaliers",114,16,6,6
2016-12-09,"Atlanta Hawks",114,"Milwaukee Bucks",110,1,17,1
2016-12-09,"Detroit Pistons",117,"Minnesota Timberwolves",90,9,18,9
2016-12-09,"Houston Rockets",102,"Oklahoma City Thunder",99,11,21,11
2016-12-09,"Indiana Pacers",103,"Dallas Mavericks",111,12,7,7
2016-12-09,"Phoenix Suns",119,"Los Angeles Lakers",115,24,14,24
2016-12-09,"New York Knicks",103,"Sacramento Kings",100,20,26,20
2016-12-10,"Portland Trail Blazers",111,"Indiana Pacers",118,25,12,12
2016-12-10,"Denver Nuggets",121,"Orlando Magic",113,8,22,8
2016-12-10,"Milwaukee Bucks",105,"Washington Wizards",110,17,30,30
2016-12-10,"Charlotte Hornets",105,"Cleveland Cavaliers",116,4,6,6
2016-12-10,"Miami Heat",100,"Chicago Bulls",105,16,5,5
2016-12-10,"Dallas Mavericks",87,"Houston Rockets",109,7,11,11
2016-12-10,"Golden State Warriors",89,"Memphis Grizzlies",110,10,15,15
2016-12-10,"Brooklyn Nets",101,"San Antonio Spurs",130,3,27,27
2016-12-10,"Sacramento Kings",84,"Utah Jazz",104,26,29,29
2016-12-10,"New Orleans Pelicans",105,"Los Angeles Clippers",133,19,13,13
2016-12-11,"Philadelphia 76ers",97,"Detroit Pistons",79,23,9,23
2016-12-11,"Golden State Warriors",116,"Minnesota Timberwolves",108,10,18,10
2016-12-11,"Boston Celtics",96,"Oklahoma City Thunder",99,2,21,21
2016-12-11,"New Orleans Pelicans",120,"Phoenix Suns",119,19,24,19
2016-12-11,"New York Knicks",118,"Los Angeles Lakers",112,20,14,20
2016-12-12,"Charlotte Hornets",94,"Indiana Pacers",110,4,12,12
2016-12-12,"Washington Wizards",101,"Miami Heat",112,30,16,16
2016-12-12,"Milwaukee Bucks",100,"Toronto Raptors",122,17,28,28
2016-12-12,"Brooklyn Nets",118,"Houston Rockets",122,3,11,11
2016-12-12,"Denver Nuggets",92,"Dallas Mavericks",112,8,7,7
2016-12-12,"Portland Trail Blazers",120,"Los Angeles Clippers",121,25,13,13
2016-12-12,"Los Angeles Lakers",92,"Sacramento Kings",116,14,26,26
2016-12-13,"Memphis Grizzlies",86,"Cleveland Cavaliers",103,15,6,6
2016-12-13,"Orlando Magic",131,"Atlanta Hawks",120,22,1,22
2016-12-13,"Minnesota Timberwolves",99,"Chicago Bulls",94,18,5,18
2016-12-13,"Golden State Warriors",113,"New Orleans Pelicans",109,10,19,10
2016-12-13,"New York Knicks",111,"Phoenix Suns",113,20,24,24
2016-12-13,"Oklahoma City Thunder",95,"Portland Trail Blazers",114,21,25,25
2016-12-14,"Indiana Pacers",89,"Miami Heat",95,12,16,16
2016-12-14,"Los Angeles Clippers",113,"Orlando Magic",108,13,22,13
2016-12-14,"Toronto Raptors",123,"Philadelphia 76ers",114,28,23,28
2016-12-14,"Charlotte Hornets",106,"Washington Wizards",109,4,30,30
2016-12-14,"Los Angeles Lakers",97,"Brooklyn Nets",107,14,3,3
2016-12-14,"Sacramento Kings",98,"Houston Rockets",132,26,11,11
2016-12-14,"Cleveland Cavaliers",85,"Memphis Grizzlies",93,6,15,15
2016-12-14,"Detroit Pistons",95,"Dallas Mavericks",85,9,7,9
2016-12-14,"Oklahoma City Thunder",89,"Utah Jazz",109,21,29,29
2016-12-14,"Boston Celtics",101,"San Antonio Spurs",108,2,27,27
2016-12-15,"Chicago Bulls",97,"Milwaukee Bucks",108,5,17,17
2016-12-15,"Indiana Pacers",95,"New Orleans Pelicans",102,12,19,19
2016-12-15,"Portland Trail Blazers",120,"Denver Nuggets",132,25,8,8
2016-12-15,"San Antonio Spurs",107,"Phoenix Suns",92,27,24,27
2016-12-15,"New York Knicks",90,"Golden State Warriors",103,20,10,10
2016-12-16,"Brooklyn Nets",111,"Orlando Magic",118,3,22,22
2016-12-16,"Detroit Pistons",108,"Washington Wizards",122,9,30,30
2016-12-16,"Charlotte Hornets",88,"Boston Celtics",96,4,2,2
2016-12-16,"Atlanta Hawks",125,"Toronto Raptors",121,1,28,1
2016-12-16,"Milwaukee Bucks",95,"Chicago Bulls",69,17,5,17
2016-12-16,"New Orleans Pelicans",100,"Houston Rockets",122,19,11,11
2016-12-16,"Sacramento Kings",96,"Memphis Grizzlies",92,26,15,26
2016-12-16,"Los Angeles Clippers",102,"Miami Heat",98,13,16,13
2016-12-16,"Los Angeles Lakers",100,"Philadelphia 76ers",89,14,23,14
2016-12-16,"Dallas Mavericks",100,"Utah Jazz",103,7,29,29
2016-12-17,"Phoenix Suns",101,"Oklahoma City Thunder",114,24,21,21
2016-12-17,"Indiana Pacers",105,"Detroit Pistons",90,12,9,12
2016-12-17,"Charlotte Hornets",107,"Atlanta Hawks",99,4,1,4
2016-12-17,"Los Angeles Lakers",108,"Cleveland Cavaliers",119,14,6,6
2016-12-17,"Houston Rockets",111,"Minnesota Timberwolves",109,11,18,11
2016-12-17,"New York Knicks",114,"Denver Nuggets",127,20,8,8
2016-12-17,"Portland Trail Blazers",90,"Golden State Warriors",135,25,10,10
2016-12-18,"Los Angeles Clippers",110,"Washington Wizards",117,13,30,30
2016-12-18,"Sacramento Kings",79,"Dallas Mavericks",99,26,7,7
2016-12-18,"Utah Jazz",82,"Memphis Grizzlies",73,29,15,29
2016-12-18,"Boston Celtics",105,"Miami Heat",95,2,16,2
2016-12-18,"Toronto Raptors",109,"Orlando Magic",79,28,22,28
2016-12-18,"Brooklyn Nets",107,"Philadelphia 76ers",108,3,23,23
2016-12-18,"New Orleans Pelicans",100,"San Antonio Spurs",113,19,27,27
2016-12-19,"Washington Wizards",105,"Indiana Pacers",107,30,12,12
2016-12-19,"Detroit Pistons",82,"Chicago Bulls",113,9,5,5
2016-12-19,"Phoenix Suns",108,"Minnesota Timberwolves",115,24,18,18
2016-12-19,"Atlanta Hawks",110,"Oklahoma City Thunder",108,1,21,1
2016-12-19,"Dallas Mavericks",107,"Denver Nuggets",117,7,8,8
2016-12-20,"Los Angeles Lakers",113,"Charlotte Hornets",117,14,4,4
2016-12-20,"New Orleans Pelicans",108,"Philadelphia 76ers",93,19,23,19
2016-12-20,"Orlando Magic",136,"Miami Heat",130,22,16,22
2016-12-20,"Indiana Pacers",111,"New York Knicks",118,12,20,20
2016-12-20,"Brooklyn Nets",104,"Toronto Raptors",116,3,28,28
2016-12-20,"San Antonio Spurs",102,"Houston Rockets",100,27,11,27
2016-12-20,"Boston Celtics",112,"Memphis Grizzlies",109,2,15,2
2016-12-20,"Cleveland Cavaliers",114,"Milwaukee Bucks",108,6,17,6
2016-12-20,"Utah Jazz",74,"Golden State Warriors",104,29,10,10
2016-12-20,"Denver Nuggets",102,"Los Angeles Clippers",119,8,13,13
2016-12-20,"Portland Trail Blazers",121,"Sacramento Kings",126,25,26,26
2016-12-21,"Milwaukee Bucks",102,"Cleveland Cavaliers",113,17,6,6
2016-12-21,"Minnesota Timberwolves",92,"Atlanta Hawks",84,18,1,18
2016-12-21,"Memphis Grizzlies",98,"Detroit Pistons",86,15,9,15
2016-12-21,"Washington Wizards",107,"Chicago Bulls",97,30,5,30
2016-12-21,"Oklahoma City Thunder",121,"New Orleans Pelicans",110,21,19,21
2016-12-21,"Houston Rockets",125,"Phoenix Suns",111,11,24,11
2016-12-21,"Sacramento Kings",94,"Utah Jazz",93,26,29,26
2016-12-21,"Dallas Mavericks",96,"Portland Trail Blazers",95,7,25,7
2016-12-22,"Boston Celtics",109,"Indiana Pacers",102,2,12,2
2016-12-22,"Golden State Warriors",117,"Brooklyn Nets",101,10,3,10
2016-12-22,"Orlando Magic",95,"New York Knicks",106,22,20,20
2016-12-22,"Los Angeles Lakers",107,"Miami Heat",115,14,16,16
2016-12-22,"San Antonio Spurs",101,"Los Angeles Clippers",106,27,13,13
2016-12-23,"Chicago Bulls",91,"Charlotte Hornets",103,5,4,4
2016-12-23,"Los Angeles Lakers",90,"Orlando Magic",109,14,22,22
2016-12-23,"Oklahoma City Thunder",117,"Boston Celtics",112,21,2,21
2016-12-23,"Brooklyn Nets",99,"Cleveland Cavaliers",119,3,6,6
2016-12-23,"Golden State Warriors",119,"Detroit Pistons",113,10,9,10
2016-12-23,"Houston Rockets",109,"Memphis Grizzlies",115,11,15,15
2016-12-23,"Washington Wizards",96,"Milwaukee Bucks",123,30,17,17
2016-12-23,"Sacramento Kings",109,"Minnesota Timberwolves",105,26,18,26
2016-12-23,"Miami Heat",87,"New Orleans Pelicans",91,16,19,19
2016-12-23,"Atlanta Hawks",109,"Denver Nuggets",108,1,8,1
2016-12-23,"Philadelphia 76ers",116,"Phoenix Suns",123,23,24,24
2016-12-23,"Toronto Raptors",104,"Utah Jazz",98,28,29,28
2016-12-23,"San Antonio Spurs",110,"Portland Trail Blazers",90,27,25,27
2016-12-23,"Dallas Mavericks",90,"Los Angeles Clippers",88,7,13,7
2016-12-25,"Boston Celtics",119,"New York Knicks",114,2,20,2
2016-12-25,"Golden State Warriors",108,"Cleveland Cavaliers",109,10,6,6
2016-12-25,"Chicago Bulls",100,"San Antonio Spurs",119,5,27,27
2016-12-25,"Minnesota Timberwolves",100,"Oklahoma City Thunder",112,18,21,21
2016-12-25,"Los Angeles Clippers",102,"Los Angeles Lakers",111,13,14,14
2016-12-26,"Memphis Grizzlies",102,"Orlando Magic",112,15,22,22
2016-12-26,"Milwaukee Bucks",102,"Washington Wizards",107,17,30,30
2016-12-26,"Charlotte Hornets",118,"Brooklyn Nets",120,4,3,3
2016-12-26,"Cleveland Cavaliers",90,"Detroit Pistons",106,6,9,9
2016-12-26,"Indiana Pacers",85,"Chicago Bulls",90,12,5,5
2016-12-26,"Phoenix Suns",115,"Houston Rockets",131,24,11,11
2016-12-26,"Atlanta Hawks",90,"Minnesota Timberwolves",104,1,18,18
2016-12-26,"Dallas Mavericks",104,"New Orleans Pelicans",111,7,19,19
2016-12-26,"Toronto Raptors",95,"Portland Trail Blazers",91,28,25,28
2016-12-26,"Denver Nuggets",106,"Los Angeles Clippers",102,8,13,8
2016-12-26,"Philadelphia 76ers",100,"Sacramento Kings",102,23,26,26
2016-12-27,"Memphis Grizzlies",103,"Boston Celtics",113,15,2,2
2016-12-27,"Oklahoma City Thunder",106,"Miami Heat",94,21,16,21
2016-12-27,"Houston Rockets",123,"Dallas Mavericks",107,11,7,11
2016-12-27,"Utah Jazz",102,"Los Angeles Lakers",100,29,14,29
2016-12-28,"Charlotte Hornets",120,"Orlando Magic",101,4,22,4
2016-12-28,"Indiana Pacers",105,"Washington Wizards",111,12,30,30
2016-12-28,"New York Knicks",98,"Atlanta Hawks",102,20,1,1
2016-12-28,"Milwaukee Bucks",119,"Detroit Pistons",94,17,9,17
2016-12-28,"Brooklyn Nets",99,"Chicago Bulls",101,3,5,5
2016-12-28,"Los Angeles Clippers",98,"New Orleans Pelicans",102,13,19,19
2016-12-28,"Phoenix Suns",98,"San Antonio Spurs",119,24,27,27
2016-12-28,"Minnesota Timberwolves",103,"Denver Nuggets",105,18,8,8
2016-12-28,"Sacramento Kings",89,"Portland Trail Blazers",102,26,25,25
2016-12-28,"Toronto Raptors",111,"Golden State Warriors",121,28,10,10
2016-12-29,"Miami Heat",82,"Charlotte Hornets",91,16,4,4
2016-12-29,"Boston Celtics",118,"Cleveland Cavaliers",124,2,6,6
2016-12-29,"Oklahoma City Thunder",80,"Memphis Grizzlies",114,21,15,15
2016-12-29,"Toronto Raptors",91,"Phoenix Suns",99,28,24,24
2016-12-29,"Philadelphia 76ers",83,"Utah Jazz",100,23,29,29
2016-12-29,"Dallas Mavericks",101,"Los Angeles Lakers",89,7,14,7
2016-12-30,"Chicago Bulls",101,"Indiana Pacers",111,5,12,12
2016-12-30,"Brooklyn Nets",95,"Washington Wizards",118,3,30,30
2016-12-30,"Miami Heat",114,"Boston Celtics",117,16,2,2
2016-12-30,"Detroit Pistons",98,"Atlanta Hawks",105,9,1,1
2016-12-30,"Los Angeles Clippers",116,"Houston Rockets",140,13,11,11
2016-12-30,"Milwaukee Bucks",99,"Minnesota Timberwolves",116,17,18,18
2016-12-30,"New York Knicks",92,"New Orleans Pelicans",104,20,19,19
2016-12-30,"Portland Trail Blazers",94,"San Antonio Spurs",110,25,27,27
2016-12-30,"Philadelphia 76ers",124,"Denver Nuggets",122,23,8,23
2016-12-30,"Dallas Mavericks",99,"Golden State Warriors",108,7,10,10
2016-12-31,"Memphis Grizzlies",112,"Sacramento Kings",98,15,26,15
2016-12-31,"Milwaukee Bucks",116,"Chicago Bulls",96,17,5,17
2016-12-31,"Cleveland Cavaliers",121,"Charlotte Hornets",109,6,4,6
2016-12-31,"New York Knicks",122,"Houston Rockets",129,20,11,11
2016-12-31,"Los Angeles Clippers",88,"Oklahoma City Thunder",114,13,21,21
2016-12-31,"Phoenix Suns",86,"Utah Jazz",91,24,29,29
2017-01-01,"San Antonio Spurs",112,"Atlanta Hawks",114,27,1,1
2017-01-01,"Orlando Magic",104,"Indiana Pacers",117,22,12,12
2017-01-01,"Detroit Pistons",107,"Miami Heat",98,9,16,9
2017-01-01,"Portland Trail Blazers",95,"Minnesota Timberwolves",89,25,18,25
2017-01-01,"Toronto Raptors",123,"Los Angeles Lakers",114,28,14,28
2017-01-02,"New Orleans Pelicans",82,"Cleveland Cavaliers",90,19,6,6
2017-01-02,"Oklahoma City Thunder",94,"Milwaukee Bucks",98,21,17,17
2017-01-02,"Utah Jazz",101,"Brooklyn Nets",89,29,3,29
2017-01-02,"Orlando Magic",115,"New York Knicks",103,22,20,22
2017-01-02,"Charlotte Hornets",111,"Chicago Bulls",118,4,5,5
2017-01-02,"Washington Wizards",91,"Houston Rockets",101,30,11,11
2017-01-02,"Denver Nuggets",119,"Golden State Warriors",127,8,10,10
2017-01-02,"Phoenix Suns",98,"Los Angeles Clippers",109,24,13,13
2017-01-03,"Minnesota Timberwolves",91,"Philadelphia 76ers",93,18,23,23
2017-01-03,"Utah Jazz",104,"Boston Celtics",115,29,2,2
2017-01-03,"Indiana Pacers",121,"Detroit Pistons",116,12,9,12
2017-01-03,"Washington Wizards",105,"Dallas Mavericks",113,30,7,7
2017-01-03,"Toronto Raptors",82,"San Antonio Spurs",110,28,27,27
2017-01-03,"Sacramento Kings",120,"Denver Nuggets",113,26,8,26
2017-01-03,"Miami Heat",90,"Phoenix Suns",99,16,24,24
2017-01-03,"Memphis Grizzlies",102,"Los Angeles Lakers",116,15,14,14
2017-01-04,"Oklahoma City Thunder",112,"Charlotte Hornets",123,21,4,4
2017-01-04,"Atlanta Hawks",111,"Orlando Magic",92,1,22,1
2017-01-04,"Milwaukee Bucks",105,"New York Knicks",104,17,20,17
2017-01-04,"Chicago Bulls",106,"Cleveland Cavaliers",94,5,6,5
2017-01-04,"Portland Trail Blazers",117,"Golden State Warriors",125,25,10,10
2017-01-04,"Memphis Grizzlies",106,"Los Angeles Clippers",115,15,13,13
2017-01-04,"Miami Heat",107,"Sacramento Kings",102,16,26,16
2017-01-05,"Brooklyn Nets",109,"Indiana Pacers",121,3,12,12
2017-01-05,"Charlotte Hornets",114,"Detroit Pistons",115,4,9,9
2017-01-05,"Utah Jazz",93,"Toronto Raptors",101,29,28,28
2017-01-05,"Oklahoma City Thunder",116,"Houston Rockets",118,21,11,11
2017-01-05,"Atlanta Hawks",99,"New Orleans Pelicans",94,1,19,1
2017-01-05,"Phoenix Suns",102,"Dallas Mavericks",95,24,7,24
2017-01-05,"San Antonio Spurs",127,"Denver Nuggets",99,27,8,27
2017-01-05,"Los Angeles Lakers",109,"Portland Trail Blazers",118,14,25,25
2017-01-06,"Houston Rockets",100,"Orlando Magic",93,11,22,11
2017-01-06,"Minnesota Timberwolves",105,"Washington Wizards",112,18,30,30
2017-01-06,"Philadelphia 76ers",106,"Boston Celtics",110,23,2,2
2017-01-06,"Cleveland Cavaliers",116,"Brooklyn Nets",108,6,3,6
2017-01-06,"New York Knicks",116,"Milwaukee Bucks",111,20,17,20
2017-01-06,"Memphis Grizzlies",128,"Golden State Warriors",119,15,10,15
2017-01-06,"Miami Heat",100,"Los Angeles Lakers",127,16,14,14
2017-01-06,"Los Angeles Clippers",106,"Sacramento Kings",98,13,26,13
2017-01-07,"New York Knicks",109,"Indiana Pacers",123,20,12,12
2017-01-07,"New Orleans Pelicans",108,"Boston Celtics",117,19,2,2
2017-01-07,"Toronto Raptors",118,"Chicago Bulls",123,28,5,5
2017-01-07,"Utah Jazz",94,"Minnesota Timberwolves",92,29,18,29
2017-01-07,"Denver Nuggets",106,"Oklahoma City Thunder",121,8,21,21
2017-01-07,"Atlanta Hawks",97,"Dallas Mavericks",82,1,7,1
2017-01-07,"Charlotte Hornets",85,"San Antonio Spurs",102,4,27,27
2017-01-08,"Philadelphia 76ers",105,"Brooklyn Nets",95,23,3,23
2017-01-08,"Washington Wizards",107,"Milwaukee Bucks",101,30,17,30
2017-01-08,"Miami Heat",86,"Los Angeles Clippers",98,16,13,13
2017-01-08,"Houston Rockets",129,"Toronto Raptors",122,11,28,11
2017-01-08,"Utah Jazz",79,"Memphis Grizzlies",88,29,15,15
2017-01-08,"Cleveland Cavaliers",120,"Phoenix Suns",116,6,24,6
2017-01-08,"Detroit Pistons",125,"Portland Trail Blazers",124,9,25,9
2017-01-08,"Golden State Warriors",117,"Sacramento Kings",106,10,26,10
2017-01-08,"Orlando Magic",95,"Los Angeles Lakers",111,22,14,14
2017-01-09,"New Orleans Pelicans",110,"New York Knicks",96,19,20,19
2017-01-09,"Oklahoma City Thunder",109,"Chicago Bulls",94,21,5,21
2017-01-09,"Dallas Mavericks",92,"Minnesota Timberwolves",101,7,18,18
2017-01-10,"Chicago Bulls",99,"Washington Wizards",101,5,30,30
2017-01-10,"Atlanta Hawks",117,"Brooklyn Nets",97,1,3,1
2017-01-10,"Boston Celtics",106,"Toronto Raptors",114,2,28,28
2017-01-10,"Charlotte Hornets",114,"Houston Rockets",121,4,11,11
2017-01-10,"Milwaukee Bucks",109,"San Antonio Spurs",107,17,27,17
2017-01-10,"Cleveland Cavaliers",92,"Utah Jazz",100,6,29,29
2017-01-10,"Miami Heat",95,"Golden State Warriors",107,16,10,10
2017-01-10,"Portland Trail Blazers",108,"Los Angeles Lakers",87,25,14,25
2017-01-10,"Detroit Pistons",94,"Sacramento Kings",100,9,26,26
2017-01-11,"New York Knicks",97,"Philadelphia 76ers",98,20,23,23
2017-01-11,"Washington Wizards",108,"Boston Celtics",117,30,2,2
2017-01-11,"Houston Rockets",105,"Minnesota Timberwolves",119,11,18,18
2017-01-11,"Memphis Grizzlies",95,"Oklahoma City Thunder",103,15,21,21
2017-01-11,"Orlando Magic",96,"Los Angeles Clippers",105,22,13,13
2017-01-11,"Cleveland Cavaliers",86,"Portland Trail Blazers",102,6,25,25
2017-01-12,"Indiana Pacers",112,"Denver Nuggets",140,12,8,8
2017-01-12,"New Orleans Pelicans",104,"Brooklyn Nets",95,19,3,19
2017-01-12,"Chicago Bulls",89,"New York Knicks",104,5,20,20
2017-01-12,"Los Angeles Lakers",94,"San Antonio Spurs",134,14,27,27
2017-01-12,"Dallas Mavericks",113,"Phoenix Suns",108,7,24,7
2017-01-12,"Detroit Pistons",107,"Golden State Warriors",127,9,10,10
2017-01-13,"Charlotte Hornets",93,"Philadelphia 76ers",102,4,23,23
2017-01-13,"Brooklyn Nets",113,"Toronto Raptors",132,3,28,28
2017-01-13,"Boston Celtics",103,"Atlanta Hawks",101,2,1,2
2017-01-13,"Memphis Grizzlies",110,"Houston Rockets",105,15,11,15
2017-01-13,"Miami Heat",108,"Milwaukee Bucks",116,16,17,17
2017-01-13,"Oklahoma City Thunder",86,"Minnesota Timberwolves",96,21,18,18
2017-01-13,"Orlando Magic",115,"Portland Trail Blazers",109,22,25,22
2017-01-13,"Cleveland Cavaliers",120,"Sacramento Kings",108,6,26,6
2017-01-13,"Detroit Pistons",77,"Utah Jazz",110,9,29,29
2017-01-14,"Los Angeles Lakers",97,"Los Angeles Clippers",113,14,13,13
2017-01-14,"New Orleans Pelicans",99,"Chicago Bulls",107,19,5,5
2017-01-14,"San Antonio Spurs",105,"Phoenix Suns",108,27,24,24
2017-01-14,"Philadelphia 76ers",93,"Washington Wizards",109,23,30,30
2017-01-14,"Orlando Magic",107,"Utah Jazz",114,22,29,29
2017-01-15,"Minnesota Timberwolves",87,"Dallas Mavericks",98,18,7,7
2017-01-15,"Milwaukee Bucks",98,"Atlanta Hawks",111,17,1,1
2017-01-15,"New York Knicks",101,"Toronto Raptors",116,20,28,28
2017-01-15,"Houston Rockets",137,"Brooklyn Nets",112,11,3,11
2017-01-15,"Chicago Bulls",108,"Memphis Grizzlies",104,5,15,5
2017-01-15,"Oklahoma City Thunder",122,"Sacramento Kings",118,21,26,21
2017-01-15,"Detroit Pistons",102,"Los Angeles Lakers",97,9,14,9
2017-01-16,"Atlanta Hawks",108,"New York Knicks",107,1,20,1
2017-01-16,"Portland Trail Blazers",101,"Washington Wizards",120,25,30,30
2017-01-16,"Philadelphia 76ers",113,"Milwaukee Bucks",104,23,17,23
2017-01-16,"New Orleans Pelicans",95,"Indiana Pacers",98,19,12,12
2017-01-16,"Orlando Magic",112,"Denver Nuggets",125,22,8,8
2017-01-16,"Charlotte Hornets",98,"Boston Celtics",108,4,2,2
2017-01-16,"Cleveland Cavaliers",91,"Golden State Warriors",126,6,10,10
2017-01-16,"Utah Jazz",106,"Phoenix Suns",101,29,24,29
2017-01-16,"Oklahoma City Thunder",98,"Los Angeles Clippers",120,21,13,13
2017-01-17,"Toronto Raptors",119,"Brooklyn Nets",109,28,3,28
2017-01-17,"Houston Rockets",103,"Miami Heat",109,11,16,16
2017-01-17,"Dallas Mavericks",99,"Chicago Bulls",98,7,5,7
2017-01-17,"Minnesota Timberwolves",114,"San Antonio Spurs",122,18,27,27
2017-01-17,"Denver Nuggets",127,"Los Angeles Lakers",121,8,14,8
2017-01-18,"Portland Trail Blazers",85,"Charlotte Hornets",107,25,4,4
2017-01-18,"Toronto Raptors",89,"Philadelphia 76ers",94,28,23,23
2017-01-18,"Memphis Grizzlies",101,"Washington Wizards",104,15,30,30
2017-01-18,"New York Knicks",117,"Boston Celtics",106,20,2,20
2017-01-18,"Atlanta Hawks",95,"Detroit Pistons",118,1,9,9
2017-01-18,"Milwaukee Bucks",92,"Houston Rockets",111,17,11,11
2017-01-18,"Orlando Magic",98,"New Orleans Pelicans",118,22,19,19
2017-01-18,"Oklahoma City Thunder",100,"Golden State Warriors",121,21,10,10
2017-01-18,"Indiana Pacers",106,"Sacramento Kings",100,12,26,12
2017-01-19,"Phoenix Suns",103,"Cleveland Cavaliers",118,24,6,6
2017-01-19,"Dallas Mavericks",95,"Miami Heat",99,7,16,16
2017-01-19,"Washington Wizards",113,"New York Knicks",110,30,20,30
2017-01-19,"Denver Nuggets",104,"San Antonio Spurs",118,8,27,27
2017-01-19,"Minnesota Timberwolves",104,"Los Angeles Clippers",101,18,13,18
2017-01-20,"Toronto Raptors",78,"Charlotte Hornets",113,28,4,4
2017-01-20,"Milwaukee Bucks",96,"Orlando Magic",112,17,22,22
2017-01-20,"Portland Trail Blazers",92,"Philadelphia 76ers",93,25,23,23
2017-01-20,"Chicago Bulls",93,"Atlanta Hawks",102,5,1,1
2017-01-20,"Golden State Warriors",125,"Houston Rockets",108,10,11,10
2017-01-20,"Sacramento Kings",91,"Memphis Grizzlies",107,26,15,15
2017-01-20,"Brooklyn Nets",143,"New Orleans Pelicans",114,3,19,3
2017-01-20,"Utah Jazz",112,"Dallas Mavericks",107,29,7,29
2017-01-20,"Indiana Pacers",95,"Los Angeles Lakers",108,12,14,14
2017-01-21,"Portland Trail Blazers",127,"Boston Celtics",123,25,2,25
2017-01-21,"Washington Wizards",112,"Detroit Pistons",113,30,9,9
2017-01-21,"Philadelphia 76ers",93,"Atlanta Hawks",110,23,1,1
2017-01-21,"Brooklyn Nets",105,"Charlotte Hornets",112,3,4,4
2017-01-21,"Milwaukee Bucks",97,"Miami Heat",109,17,16,16
2017-01-21,"Phoenix Suns",107,"New York Knicks",105,24,20,24
2017-01-21,"Houston Rockets",119,"Memphis Grizzlies",95,11,15,11
2017-01-21,"San Antonio Spurs",118,"Cleveland Cavaliers",115,27,6,27
2017-01-21,"Sacramento Kings",99,"Chicago Bulls",102,26,5,5
2017-01-21,"Los Angeles Clippers",98,"Denver Nuggets",123,13,8,8
2017-01-21,"Indiana Pacers",100,"Utah Jazz",109,12,29,29
2017-01-22,"Golden State Warriors",118,"Orlando Magic",98,10,22,10
2017-01-22,"Los Angeles Lakers",73,"Dallas Mavericks",122,14,7,7
2017-01-22,"Phoenix Suns",115,"Toronto Raptors",103,24,28,24
2017-01-22,"Denver Nuggets",108,"Minnesota Timberwolves",111,8,18,18
2017-01-23,"Washington Wizards",109,"Charlotte Hornets",99,30,4,30
2017-01-23,"Los Angeles Clippers",115,"Atlanta Hawks",105,13,1,13
2017-01-23,"San Antonio Spurs",112,"Brooklyn Nets",86,27,3,27
2017-01-23,"Sacramento Kings",109,"Detroit Pistons",104,26,9,26
2017-01-23,"Golden State Warriors",102,"Miami Heat",105,10,16,16
2017-01-23,"New York Knicks",109,"Indiana Pacers",103,20,12,20
2017-01-23,"Houston Rockets",114,"Milwaukee Bucks",127,11,17,17
2017-01-23,"Cleveland Cavaliers",122,"New Orleans Pelicans",124,6,19,19
2017-01-23,"Oklahoma City Thunder",97,"Utah Jazz",95,21,29,21
2017-01-24,"Chicago Bulls",100,"Orlando Magic",92,5,22,5
2017-01-24,"Los Angeles Clippers",110,"Philadelphia 76ers",121,13,23,23
2017-01-24,"San Antonio Spurs",108,"Toronto Raptors",106,27,28,27
2017-01-24,"Boston Celtics",108,"Washington Wizards",123,2,30,30
2017-01-24,"Utah Jazz",93,"Denver Nuggets",103,29,8,8
2017-01-24,"Minnesota Timberwolves",112,"Phoenix Suns",111,18,24,18
2017-01-25,"Sacramento Kings",116,"Cleveland Cavaliers",112,26,6,26
2017-01-25,"Houston Rockets",109,"Boston Celtics",120,11,2,2
2017-01-25,"Miami Heat",109,"Brooklyn Nets",106,16,3,16
2017-01-25,"Atlanta Hawks",119,"Chicago Bulls",114,1,5,1
2017-01-25,"Golden State Warriors",113,"Charlotte Hornets",103,10,4,10
2017-01-25,"Toronto Raptors",99,"Memphis Grizzlies",101,28,15,15
2017-01-25,"Philadelphia 76ers",114,"Milwaukee Bucks",109,23,17,23
2017-01-25,"Oklahoma City Thunder",114,"New Orleans Pelicans",105,21,19,21
2017-01-25,"New York Knicks",95,"Dallas Mavericks",103,20,7,7
2017-01-25,"Los Angeles Lakers",98,"Portland Trail Blazers",105,14,25,25
2017-01-26,"Indiana Pacers",109,"Minnesota Timberwolves",103,12,18,12
2017-01-26,"Dallas Mavericks",98,"Oklahoma City Thunder",109,7,21,21
2017-01-26,"Phoenix Suns",120,"Denver Nuggets",127,24,8,8
2017-01-26,"Los Angeles Lakers",88,"Utah Jazz",96,14,29,29
2017-01-27,"Sacramento Kings",111,"Indiana Pacers",115,26,12,12
2017-01-27,"Orlando Magic",98,"Boston Celtics",128,22,2,2
2017-01-27,"Brooklyn Nets",116,"Cleveland Cavaliers",124,3,6,6
2017-01-27,"Charlotte Hornets",107,"New York Knicks",110,4,20,20
2017-01-27,"Milwaukee Bucks",86,"Toronto Raptors",102,17,28,28
2017-01-27,"Washington Wizards",112,"Atlanta Hawks",86,30,1,30
2017-01-27,"Miami Heat",100,"Chicago Bulls",88,16,5,16
2017-01-27,"San Antonio Spurs",103,"New Orleans Pelicans",119,27,19,19
2017-01-27,"Houston Rockets",123,"Philadelphia 76ers",118,11,23,11
2017-01-27,"Memphis Grizzlies",109,"Portland Trail Blazers",112,15,25,25
2017-01-28,"Sacramento Kings",109,"Charlotte Hornets",106,26,4,26
2017-01-28,"Detroit Pistons",103,"Miami Heat",116,9,16,16
2017-01-28,"Boston Celtics",112,"Milwaukee Bucks",108,2,17,2
2017-01-28,"Los Angeles Clippers",98,"Golden State Warriors",144,13,10,10
2017-01-28,"Brooklyn Nets",109,"Minnesota Timberwolves",129,3,18,18
2017-01-28,"Denver Nuggets",123,"Phoenix Suns",112,8,24,8
2017-01-28,"Memphis Grizzlies",102,"Utah Jazz",95,15,29,15
2017-01-29,"New York Knicks",139,"Atlanta Hawks",142,20,1,1
2017-01-29,"Oklahoma City Thunder",91,"Cleveland Cavaliers",107,21,6,6
2017-01-29,"Houston Rockets",101,"Indiana Pacers",120,11,12,12
2017-01-29,"Washington Wizards",107,"New Orleans Pelicans",94,30,19,30
2017-01-29,"Orlando Magic",114,"Toronto Raptors",113,22,28,22
2017-01-29,"Philadelphia 76ers",108,"Chicago Bulls",121,23,5,5
2017-01-29,"Dallas Mavericks",105,"San Antonio Spurs",101,7,27,7
2017-01-29,"Golden State Warriors",113,"Portland Trail Blazers",111,10,25,10
2017-01-30,"Sacramento Kings",119,"Philadelphia 76ers",122,26,23,23
2017-01-30,"Brooklyn Nets",96,"Miami Heat",104,3,16,16
2017-01-30,"Detroit Pistons",109,"Boston Celtics",113,9,2,2
2017-01-30,"Orlando Magic",105,"Minnesota Timberwolves",111,22,18,18
2017-01-30,"Cleveland Cavaliers",97,"Dallas Mavericks",104,6,7,7
2017-01-30,"Memphis Grizzlies",115,"Phoenix Suns",96,15,24,15
2017-01-31,"New Orleans Pelicans",106,"Toronto Raptors",108,19,28,28
2017-01-31,"New York Knicks",101,"Washington Wizards",117,20,30,30
2017-01-31,"Sacramento Kings",83,"Houston Rockets",105,26,11,11
2017-01-31,"Oklahoma City Thunder",94,"San Antonio Spurs",108,21,27,27
2017-01-31,"Charlotte Hornets",98,"Portland Trail Blazers",115,4,25,25
2017-01-31,"Denver Nuggets",116,"Los Angeles Lakers",120,8,14,14
2017-02-01,"Minnesota Timberwolves",97,"Cleveland Cavaliers",125,18,6,6
2017-02-01,"Indiana Pacers",98,"Orlando Magic",88,12,22,12
2017-02-01,"Toronto Raptors",104,"Boston Celtics",109,28,2,2
2017-02-01,"New York Knicks",95,"Brooklyn Nets",90,20,3,20
2017-02-01,"New Orleans Pelicans",98,"Detroit Pistons",118,19,9,9
2017-02-01,"Atlanta Hawks",93,"Miami Heat",116,1,16,16
2017-02-01,"Philadelphia 76ers",95,"Dallas Mavericks",113,23,7,7
2017-02-01,"Memphis Grizzlies",119,"Denver Nuggets",99,15,8,15
2017-02-01,"Los Angeles Clippers",124,"Phoenix Suns",114,13,24,13
2017-02-01,"Milwaukee Bucks",88,"Utah Jazz",104,17,29,29
2017-02-01,"Chicago Bulls",128,"Oklahoma City Thunder",100,5,21,5
2017-02-01,"Charlotte Hornets",111,"Golden State Warriors",126,4,10,10
2017-02-02,"Los Angeles Lakers",108,"Washington Wizards",116,14,30,30
2017-02-02,"Atlanta Hawks",113,"Houston Rockets",108,1,11,1
2017-02-02,"Philadelphia 76ers",86,"San Antonio Spurs",102,23,27,27
2017-02-02,"Golden State Warriors",133,"Los Angeles Clippers",120,10,13,10
2017-02-03,"Toronto Raptors",94,"Orlando Magic",102,28,22,22
2017-02-03,"Indiana Pacers",106,"Brooklyn Nets",97,12,3,12
2017-02-03,"Minnesota Timberwolves",108,"Detroit Pistons",116,18,9,9
2017-02-03,"Los Angeles Lakers",107,"Boston Celtics",113,14,2,2
2017-02-03,"Chicago Bulls",117,"Houston Rockets",121,5,11,11
2017-02-03,"Memphis Grizzlies",102,"Oklahoma City Thunder",114,15,21,21
2017-02-03,"Milwaukee Bucks",117,"Denver Nuggets",121,17,8,8
2017-02-03,"Dallas Mavericks",108,"Portland Trail Blazers",104,7,25,7
2017-02-03,"Phoenix Suns",105,"Sacramento Kings",103,24,26,24
2017-02-04,"Orlando Magic",86,"Atlanta Hawks",113,22,1,1
2017-02-04,"Detroit Pistons",84,"Indiana Pacers",105,9,12,12
2017-02-04,"New Orleans Pelicans",91,"Washington Wizards",105,19,30,30
2017-02-04,"Philadelphia 76ers",102,"Miami Heat",125,23,16,16
2017-02-04,"Cleveland Cavaliers",111,"New York Knicks",104,6,20,6
2017-02-04,"Memphis Grizzlies",107,"Minnesota Timberwolves",99,15,18,15
2017-02-04,"Milwaukee Bucks",137,"Phoenix Suns",112,17,24,17
2017-02-04,"Denver Nuggets",97,"San Antonio Spurs",121,8,27,27
2017-02-04,"Charlotte Hornets",98,"Utah Jazz",105,4,29,29
2017-02-04,"Golden State Warriors",106,"Sacramento Kings",109,10,26,26
2017-02-05,"Toronto Raptors",103,"Brooklyn Nets",95,28,3,28
2017-02-05,"Los Angeles Clippers",102,"Boston Celtics",107,13,2,2
2017-02-05,"Portland Trail Blazers",99,"Oklahoma City Thunder",105,25,21,21
2017-02-06,"Oklahoma City Thunder",90,"Indiana Pacers",93,21,12,12
2017-02-06,"Los Angeles Lakers",121,"New York Knicks",107,14,20,14
2017-02-06,"Cleveland Cavaliers",140,"Washington Wizards",135,6,30,6
2017-02-06,"Utah Jazz",120,"Atlanta Hawks",95,29,1,29
2017-02-06,"Philadelphia 76ers",96,"Detroit Pistons",113,23,9,9
2017-02-06,"Los Angeles Clippers",109,"Toronto Raptors",118,13,28,28
2017-02-06,"Miami Heat",115,"Minnesota Timberwolves",113,16,18,16
2017-02-06,"Phoenix Suns",106,"New Orleans Pelicans",111,24,19,19
2017-02-06,"Dallas Mavericks",87,"Denver Nuggets",110,7,8,8
2017-02-06,"San Antonio Spurs",74,"Memphis Grizzlies",89,27,15,15
2017-02-06,"Chicago Bulls",112,"Sacramento Kings",107,5,26,5
2017-02-07,"Brooklyn Nets",107,"Charlotte Hornets",111,3,4,4
2017-02-07,"Orlando Magic",104,"Houston Rockets",128,22,11,11
2017-02-07,"Portland Trail Blazers",114,"Dallas Mavericks",113,25,7,25
2017-02-08,"Cleveland Cavaliers",132,"Indiana Pacers",117,6,12,6
2017-02-08,"San Antonio Spurs",111,"Philadelphia 76ers",103,27,23,27
2017-02-08,"Denver Nuggets",106,"Atlanta Hawks",117,8,1,1
2017-02-08,"Washington Wizards",114,"Brooklyn Nets",110,30,3,30
2017-02-08,"Los Angeles Lakers",102,"Detroit Pistons",121,14,9,9
2017-02-08,"Phoenix Suns",91,"Memphis Grizzlies",110,24,15,15
2017-02-08,"Miami Heat",106,"Milwaukee Bucks",88,16,17,16
2017-02-08,"Toronto Raptors",109,"Minnesota Timberwolves",112,28,18,18
2017-02-08,"Utah Jazz",127,"New Orleans Pelicans",94,29,19,29
2017-02-08,"Los Angeles Clippers",119,"New York Knicks",115,13,20,13
2017-02-08,"Chicago Bulls",92,"Golden State Warriors",123,5,10,10
2017-02-08,"Boston Celtics",92,"Sacramento Kings",108,2,26,26
2017-02-09,"Houston Rockets",107,"Charlotte Hornets",95,11,4,11
2017-02-09,"Philadelphia 76ers",112,"Orlando Magic",111,23,22,23
2017-02-09,"Cleveland Cavaliers",109,"Oklahoma City Thunder",118,6,21,21
2017-02-09,"Utah Jazz",105,"Dallas Mavericks",112,29,7,7
2017-02-09,"Boston Celtics",120,"Portland Trail Blazers",111,2,25,2
2017-02-10,"Miami Heat",108,"Brooklyn Nets",99,16,3,16
2017-02-10,"San Antonio Spurs",103,"Detroit Pistons",92,27,9,27
2017-02-10,"Denver Nuggets",131,"New York Knicks",123,8,20,8
2017-02-10,"Golden State Warriors",122,"Memphis Grizzlies",107,10,15,10
2017-02-10,"Los Angeles Lakers",122,"Milwaukee Bucks",114,14,17,14
2017-02-10,"New Orleans Pelicans",122,"Minnesota Timberwolves",106,19,18,19
2017-02-10,"Indiana Pacers",107,"Washington Wizards",112,12,30,30
2017-02-10,"Chicago Bulls",97,"Phoenix Suns",115,5,24,24
2017-02-10,"Atlanta Hawks",107,"Sacramento Kings",108,1,26,26
2017-02-11,"Los Angeles Clippers",107,"Charlotte Hornets",102,13,4,13
2017-02-11,"Milwaukee Bucks",116,"Indiana Pacers",100,17,12,17
2017-02-11,"Denver Nuggets",109,"Cleveland Cavaliers",125,8,6,6
2017-02-11,"Miami Heat",109,"Philadelphia 76ers",117,16,23,23
2017-02-11,"Golden State Warriors",130,"Oklahoma City Thunder",114,10,21,10
2017-02-11,"Orlando Magic",80,"Dallas Mavericks",112,22,7,7
2017-02-11,"Phoenix Suns",102,"Houston Rockets",133,24,11,11
2017-02-11,"Boston Celtics",112,"Utah Jazz",104,2,29,2
2017-02-12,"Chicago Bulls",89,"Minnesota Timberwolves",117,5,18,18
2017-02-12,"San Antonio Spurs",90,"New York Knicks",94,27,20,20
2017-02-12,"Detroit Pistons",102,"Toronto Raptors",101,9,28,9
2017-02-12,"New Orleans Pelicans",99,"Sacramento Kings",105,19,26,26
2017-02-13,"Philadelphia 76ers",105,"Charlotte Hornets",99,23,4,23
2017-02-13,"San Antonio Spurs",110,"Indiana Pacers",106,27,12,27
2017-02-13,"Memphis Grizzlies",112,"Brooklyn Nets",103,15,3,15
2017-02-13,"Orlando Magic",116,"Miami Heat",107,22,16,22
2017-02-13,"Detroit Pistons",89,"Milwaukee Bucks",102,9,17,17
2017-02-13,"Oklahoma City Thunder",98,"Washington Wizards",120,21,30,30
2017-02-13,"Boston Celtics",111,"Dallas Mavericks",98,2,7,2
2017-02-13,"Golden State Warriors",110,"Denver Nuggets",132,10,8,8
2017-02-13,"New Orleans Pelicans",110,"Phoenix Suns",108,19,24,19
2017-02-13,"Los Angeles Clippers",88,"Utah Jazz",72,13,29,13
2017-02-13,"Atlanta Hawks",109,"Portland Trail Blazers",104,1,25,1
2017-02-14,"Toronto Raptors",94,"Chicago Bulls",105,28,5,5
2017-02-14,"Cleveland Cavaliers",116,"Minnesota Timberwolves",108,6,18,6
2017-02-14,"Sacramento Kings",97,"Los Angeles Lakers",96,26,14,26
2017-02-15,"Indiana Pacers",104,"Cleveland Cavaliers",113,12,6,6
2017-02-15,"San Antonio Spurs",107,"Orlando Magic",79,27,22,27
2017-02-15,"Philadelphia 76ers",108,"Boston Celtics",116,23,2,2
2017-02-15,"Milwaukee Bucks",129,"Brooklyn Nets",125,17,3,17
2017-02-15,"Dallas Mavericks",91,"Detroit Pistons",98,7,9,9
2017-02-15,"Charlotte Hornets",85,"Toronto Raptors",90,4,28,28
2017-02-15,"Miami Heat",117,"Houston Rockets",109,16,11,16
2017-02-15,"New Orleans Pelicans",95,"Memphis Grizzlies",91,19,15,19
2017-02-15,"Minnesota Timberwolves",112,"Denver Nuggets",99,18,8,18
2017-02-15,"Los Angeles Lakers",101,"Phoenix Suns",137,14,24,24
2017-02-15,"Portland Trail Blazers",88,"Utah Jazz",111,25,29,29
2017-02-15,"New York Knicks",105,"Oklahoma City Thunder",116,20,21,21
2017-02-15,"Sacramento Kings",86,"Golden State Warriors",109,26,10,10
2017-02-15,"Atlanta Hawks",84,"Los Angeles Clippers",99,1,13,13
2017-02-16,"Washington Wizards",111,"Indiana Pacers",98,30,12,30
2017-02-16,"Boston Celtics",103,"Chicago Bulls",104,2,5,5
2017-02-23,"Portland Trail Blazers",112,"Orlando Magic",103,25,22,25
2017-02-23,"Charlotte Hornets",108,"Detroit Pistons",114,4,9,9
2017-02-23,"New York Knicks",104,"Cleveland Cavaliers",119,20,6,6
2017-02-23,"Houston Rockets",129,"New Orleans Pelicans",99,11,19,11
2017-02-23,"Los Angeles Clippers",113,"Golden State Warriors",123,13,10,10
2017-02-23,"Denver Nuggets",100,"Sacramento Kings",116,8,26,26
2017-02-24,"Memphis Grizzlies",92,"Indiana Pacers",102,15,12,12
2017-02-24,"Washington Wizards",112,"Philadelphia 76ers",120,30,23,23
2017-02-24,"Miami Heat",108,"Atlanta Hawks",90,16,1,16
2017-02-24,"Phoenix Suns",121,"Chicago Bulls",128,24,5,5
2017-02-24,"Utah Jazz",109,"Milwaukee Bucks",95,29,17,29
2017-02-24,"Dallas Mavericks",84,"Minnesota Timberwolves",97,7,18,18
2017-02-24,"Los Angeles Lakers",93,"Oklahoma City Thunder",110,14,21,21
2017-02-24,"Boston Celtics",97,"Toronto Raptors",107,2,28,28
2017-02-24,"Brooklyn Nets",109,"Denver Nuggets",129,3,8,8
2017-02-24,"San Antonio Spurs",105,"Los Angeles Clippers",97,27,13,27
2017-02-25,"Charlotte Hornets",99,"Sacramento Kings",85,4,26,4
2017-02-25,"Atlanta Hawks",86,"Orlando Magic",105,1,22,22
2017-02-25,"Philadelphia 76ers",109,"New York Knicks",110,23,20,20
2017-02-25,"Indiana Pacers",95,"Miami Heat",113,12,16,16
2017-02-25,"Chicago Bulls",117,"Cleveland Cavaliers",99,5,6,5
2017-02-25,"New Orleans Pelicans",83,"Dallas Mavericks",96,19,7,7
2017-02-25,"Minnesota Timberwolves",130,"Houston Rockets",142,18,11,11
2017-02-25,"Brooklyn Nets",95,"Golden State Warriors",112,3,10,10
2017-02-26,"San Antonio Spurs",119,"Los Angeles Lakers",98,27,14,27
2017-02-26,"Phoenix Suns",96,"Milwaukee Bucks",100,24,17,17
2017-02-26,"Memphis Grizzlies",105,"Denver Nuggets",98,15,8,15
2017-02-26,"Utah Jazz",102,"Washington Wizards",92,29,30,29
2017-02-26,"Boston Celtics",104,"Detroit Pistons",98,2,9,2
2017-02-26,"Portland Trail Blazers",106,"Toronto Raptors",112,25,28,28
2017-02-26,"New Orleans Pelicans",110,"Oklahoma City Thunder",118,19,21,21
2017-02-26,"Charlotte Hornets",121,"Los Angeles Clippers",124,4,13,13
2017-02-27,"Milwaukee Bucks",95,"Cleveland Cavaliers",102,17,6,6
2017-02-27,"Toronto Raptors",92,"New York Knicks",91,28,20,28
2017-02-27,"Golden State Warriors",119,"Philadelphia 76ers",108,10,23,10
2017-02-27,"Atlanta Hawks",114,"Boston Celtics",98,1,2,1
2017-02-27,"Miami Heat",89,"Dallas Mavericks",96,16,7,7
2017-02-27,"Indiana Pacers",117,"Houston Rockets",108,12,11,12
2017-02-27,"Minnesota Timberwolves",102,"Sacramento Kings",88,18,26,18
2017-02-28,"Golden State Warriors",108,"Washington Wizards",112,10,30,30
2017-02-28,"Portland Trail Blazers",113,"Detroit Pistons",120,25,9,9
2017-02-28,"Denver Nuggets",125,"Chicago Bulls",107,8,5,8
2017-02-28,"Phoenix Suns",112,"Memphis Grizzlies",130,24,15,15
2017-02-28,"Utah Jazz",106,"Oklahoma City Thunder",109,29,21,21
2017-02-28,"Charlotte Hornets",109,"Los Angeles Lakers",104,4,14,4
2017-03-01,"New York Knicks",101,"Orlando Magic",90,20,22,20
2017-03-01,"Dallas Mavericks",95,"Atlanta Hawks",100,7,1,1
2017-03-01,"Philadelphia 76ers",98,"Miami Heat",125,23,16,16
2017-03-01,"Washington Wizards",105,"Toronto Raptors",96,30,28,30
2017-03-01,"Cleveland Cavaliers",99,"Boston Celtics",103,6,2,2
2017-03-01,"Denver Nuggets",110,"Milwaukee Bucks",98,8,17,8
2017-03-01,"Detroit Pistons",86,"New Orleans Pelicans",109,9,19,19
2017-03-01,"Indiana Pacers",99,"San Antonio Spurs",100,12,27,27
2017-03-01,"Minnesota Timberwolves",107,"Utah Jazz",80,18,29,18
2017-03-01,"Houston Rockets",122,"Los Angeles Clippers",103,11,13,11
2017-03-01,"Brooklyn Nets",109,"Sacramento Kings",100,3,26,3
2017-03-02,"Golden State Warriors",87,"Chicago Bulls",94,10,5,5
2017-03-02,"Charlotte Hornets",103,"Phoenix Suns",120,4,24,24
2017-03-02,"Oklahoma City Thunder",109,"Portland Trail Blazers",114,21,25,25
2017-03-03,"Cleveland Cavaliers",135,"Atlanta Hawks",130,6,1,6
2017-03-03,"Miami Heat",99,"Orlando Magic",110,16,22,22
2017-03-03,"New York Knicks",102,"Philadelphia 76ers",105,20,23,23
2017-03-03,"Toronto Raptors",114,"Washington Wizards",106,28,30,28
2017-03-03,"Los Angeles Clippers",101,"Milwaukee Bucks",112,13,17,17
2017-03-03,"Memphis Grizzlies",100,"Dallas Mavericks",104,15,7,7
2017-03-03,"Oklahoma City Thunder",111,"Phoenix Suns",118,21,24,24
2017-03-03,"Brooklyn Nets",97,"Utah Jazz",112,3,29,29
2017-03-03,"San Antonio Spurs",101,"New Orleans Pelicans",98,27,19,27
2017-03-03,"Boston Celtics",115,"Los Angeles Lakers",95,2,14,2
2017-03-04,"Detroit Pistons",136,"Philadelphia 76ers",106,9,23,9
2017-03-04,"Cleveland Cavaliers",92,"Miami Heat",120,6,16,16
2017-03-04,"Toronto Raptors",94,"Milwaukee Bucks",101,28,17,17
2017-03-04,"Los Angeles Clippers",101,"Chicago Bulls",91,13,5,13
2017-03-04,"Charlotte Hornets",112,"Denver Nuggets",102,4,8,4
2017-03-04,"Memphis Grizzlies",108,"Houston Rockets",123,15,11,11
2017-03-04,"Minnesota Timberwolves",90,"San Antonio Spurs",97,18,27,27
2017-03-04,"Brooklyn Nets",116,"Portland Trail Blazers",130,3,25,25
2017-03-05,"Indiana Pacers",97,"Atlanta Hawks",96,12,1,12
2017-03-05,"Golden State Warriors",112,"New York Knicks",105,10,20,10
2017-03-05,"Boston Celtics",106,"Phoenix Suns",109,2,24,24
2017-03-05,"Orlando Magic",114,"Washington Wizards",115,22,30,30
2017-03-05,"Utah Jazz",110,"Sacramento Kings",109,29,26,29
2017-03-05,"Oklahoma City Thunder",89,"Dallas Mavericks",104,21,7,7
2017-03-05,"New Orleans Pelicans",105,"Los Angeles Lakers",97,19,14,19
2017-03-06,"Miami Heat",106,"Cleveland Cavaliers",98,16,6,16
2017-03-06,"New York Knicks",113,"Orlando Magic",105,20,22,20
2017-03-06,"Milwaukee Bucks",112,"Philadelphia 76ers",98,17,23,17
2017-03-06,"Golden State Warriors",119,"Atlanta Hawks",111,10,1,10
2017-03-06,"Chicago Bulls",95,"Detroit Pistons",109,5,9,9
2017-03-06,"Indiana Pacers",88,"Charlotte Hornets",100,12,4,4
2017-03-06,"Brooklyn Nets",122,"Memphis Grizzlies",109,3,15,3
2017-03-06,"Houston Rockets",110,"San Antonio Spurs",112,11,27,27
2017-03-06,"Sacramento Kings",96,"Denver Nuggets",108,26,8,8
2017-03-06,"New Orleans Pelicans",83,"Utah Jazz",88,19,29,29
2017-03-06,"Boston Celtics",102,"Los Angeles Clippers",116,2,13,13
2017-03-07,"Portland Trail Blazers",126,"Oklahoma City Thunder",121,25,21,25
2017-03-07,"Los Angeles Lakers",111,"Dallas Mavericks",122,14,7,7
2017-03-07,"Washington Wizards",131,"Phoenix Suns",127,30,24,30
2017-03-08,"Chicago Bulls",91,"Orlando Magic",98,5,22,22
2017-03-08,"Brooklyn Nets",105,"Atlanta Hawks",110,3,1,1
2017-03-08,"Charlotte Hornets",101,"Miami Heat",108,4,16,16
2017-03-08,"Utah Jazz",115,"Houston Rockets",108,29,11,29
2017-03-08,"Detroit Pistons",98,"Indiana Pacers",115,9,12,12
2017-03-08,"New York Knicks",93,"Milwaukee Bucks",104,20,17,17
2017-03-08,"Los Angeles Clippers",91,"Minnesota Timberwolves",107,13,18,18
2017-03-08,"Toronto Raptors",94,"New Orleans Pelicans",87,28,19,28
2017-03-08,"Sacramento Kings",104,"San Antonio Spurs",114,26,27,27
2017-03-08,"Washington Wizards",123,"Denver Nuggets",113,30,8,30
2017-03-08,"Boston Celtics",99,"Golden State Warriors",86,2,10,2
2017-03-09,"Cleveland Cavaliers",101,"Detroit Pistons",106,6,9,9
2017-03-09,"Los Angeles Clippers",114,"Memphis Grizzlies",98,13,15,13
2017-03-09,"San Antonio Spurs",92,"Oklahoma City Thunder",102,27,21,21
2017-03-09,"Philadelphia 76ers",108,"Portland Trail Blazers",114,23,25,25
2017-03-09,"Los Angeles Lakers",122,"Phoenix Suns",110,14,24,14
2017-03-10,"Orlando Magic",81,"Charlotte Hornets",121,22,4,4
2017-03-10,"Toronto Raptors",99,"Atlanta Hawks",105,28,1,1
2017-03-10,"Houston Rockets",115,"Chicago Bulls",94,11,5,11
2017-03-10,"Indiana Pacers",85,"Milwaukee Bucks",99,12,17,17
2017-03-10,"Golden State Warriors",102,"Minnesota Timberwolves",103,10,18,18
2017-03-10,"Brooklyn Nets",96,"Dallas Mavericks",105,3,7,7
2017-03-10,"Boston Celtics",99,"Denver Nuggets",119,2,8,8
2017-03-10,"Washington Wizards",130,"Sacramento Kings",122,30,26,30
2017-03-11,"Utah Jazz",104,"Oklahoma City Thunder",112,29,21,21
2017-03-11,"Philadelphia 76ers",100,"Los Angeles Clippers",112,23,13,13
2017-03-11,"New York Knicks",92,"Detroit Pistons",112,20,9,9
2017-03-11,"New Orleans Pelicans",125,"Charlotte Hornets",122,19,4,19
2017-03-11,"Cleveland Cavaliers",116,"Orlando Magic",104,6,22,6
2017-03-11,"Toronto Raptors",89,"Miami Heat",104,28,16,16
2017-03-11,"Minnesota Timberwolves",95,"Milwaukee Bucks",102,18,17,17
2017-03-11,"Golden State Warriors",85,"San Antonio Spurs",107,10,27,27
2017-03-11,"Phoenix Suns",100,"Dallas Mavericks",98,24,7,24
2017-03-11,"Atlanta Hawks",107,"Memphis Grizzlies",90,1,15,1
2017-03-11,"Washington Wizards",125,"Portland Trail Blazers",124,30,25,30
2017-03-11,"Denver Nuggets",105,"Sacramento Kings",92,8,26,8
2017-03-12,"Chicago Bulls",80,"Boston Celtics",100,5,2,2
2017-03-12,"New York Knicks",112,"Brooklyn Nets",120,20,3,3
2017-03-12,"Miami Heat",98,"Indiana Pacers",102,16,12,12
2017-03-12,"Cleveland Cavaliers",112,"Houston Rockets",117,6,11,11
2017-03-12,"Portland Trail Blazers",110,"Phoenix Suns",101,25,24,25
2017-03-12,"Philadelphia 76ers",118,"Los Angeles Lakers",116,23,14,23
2017-03-13,"Chicago Bulls",115,"Charlotte Hornets",109,5,4,5
2017-03-13,"Dallas Mavericks",78,"Toronto Raptors",100,7,28,28
2017-03-13,"Milwaukee Bucks",93,"Memphis Grizzlies",113,17,15,15
2017-03-13,"Washington Wizards",104,"Minnesota Timberwolves",119,30,18,18
2017-03-13,"Atlanta Hawks",99,"San Antonio Spurs",107,1,27,27
2017-03-13,"Los Angeles Clippers",108,"Utah Jazz",114,13,29,29
2017-03-13,"Los Angeles Lakers",101,"Denver Nuggets",129,14,8,8
2017-03-13,"Orlando Magic",115,"Sacramento Kings",120,22,26,26
2017-03-14,"Detroit Pistons",96,"Cleveland Cavaliers",128,9,6,6
2017-03-14,"Oklahoma City Thunder",122,"Brooklyn Nets",104,21,3,21
2017-03-14,"Indiana Pacers",81,"New York Knicks",87,12,20,20
2017-03-14,"Portland Trail Blazers",77,"New Orleans Pelicans",100,25,19,19
2017-03-14,"Philadelphia 76ers",104,"Golden State Warriors",106,23,10,10
2017-03-15,"Charlotte Hornets",77,"Indiana Pacers",98,4,12,12
2017-03-15,"Dallas Mavericks",112,"Washington Wizards",107,7,30,7
2017-03-15,"Minnesota Timberwolves",104,"Boston Celtics",117,18,2,2
2017-03-15,"Utah Jazz",97,"Detroit Pistons",83,29,9,29
2017-03-15,"New Orleans Pelicans",112,"Miami Heat",120,19,16,16
2017-03-15,"Memphis Grizzlies",98,"Chicago Bulls",91,15,5,15
2017-03-15,"Los Angeles Lakers",100,"Houston Rockets",139,14,11,11
2017-03-15,"Portland Trail Blazers",110,"San Antonio Spurs",106,25,27,25
2017-03-15,"Sacramento Kings",107,"Phoenix Suns",101,26,24,26
2017-03-15,"Milwaukee Bucks",97,"Los Angeles Clippers",96,17,13,17
2017-03-16,"Utah Jazz",83,"Cleveland Cavaliers",91,29,6,6
2017-03-16,"Oklahoma City Thunder",123,"Toronto Raptors",102,21,28,21
2017-03-16,"Memphis Grizzlies",103,"Atlanta Hawks",91,15,1,15
2017-03-16,"Brooklyn Nets",121,"New York Knicks",110,3,20,3
2017-03-16,"Los Angeles Clippers",114,"Denver Nuggets",129,13,8,8
2017-03-16,"Orlando Magic",92,"Golden State Warriors",122,22,10,10
2017-03-17,"Dallas Mavericks",74,"Philadelphia 76ers",116,7,23,23
2017-03-17,"Chicago Bulls",107,"Washington Wizards",112,5,30,30
2017-03-17,"Boston Celtics",98,"Brooklyn Nets",95,2,3,2
2017-03-17,"Toronto Raptors",87,"Detroit Pistons",75,28,9,28
2017-03-17,"Minnesota Timberwolves",105,"Miami Heat",123,18,16,16
2017-03-17,"Houston Rockets",112,"New Orleans Pelicans",128,11,19,19
2017-03-17,"Orlando Magic",109,"Phoenix Suns",103,22,24,22
2017-03-17,"Milwaukee Bucks",107,"Los Angeles Lakers",103,17,14,17
2017-03-18,"Sacramento Kings",94,"Oklahoma City Thunder",110,26,21,21
2017-03-18,"Portland Trail Blazers",113,"Atlanta Hawks",97,25,1,25
2017-03-18,"Washington Wizards",93,"Charlotte Hornets",98,30,4,4
2017-03-18,"Cleveland Cavaliers",78,"Los Angeles Clippers",108,6,13,13
2017-03-18,"Utah Jazz",86,"Chicago Bulls",95,29,5,5
2017-03-18,"San Antonio Spurs",96,"Memphis Grizzlies",104,27,15,15
2017-03-18,"Houston Rockets",109,"Denver Nuggets",105,11,8,11
2017-03-18,"Milwaukee Bucks",92,"Golden State Warriors",117,17,10,10
2017-03-19,"Dallas Mavericks",111,"Brooklyn Nets",104,7,3,7
2017-03-19,"Boston Celtics",99,"Philadelphia 76ers",105,2,23,23
2017-03-19,"Phoenix Suns",95,"Detroit Pistons",112,24,9,9
2017-03-19,"Portland Trail Blazers",115,"Miami Heat",104,25,16,25
2017-03-19,"Minnesota Timberwolves",109,"New Orleans Pelicans",123,18,19,19
2017-03-19,"Indiana Pacers",91,"Toronto Raptors",116,12,28,28
2017-03-19,"Sacramento Kings",102,"San Antonio Spurs",118,26,27,27
2017-03-19,"Cleveland Cavaliers",125,"Los Angeles Lakers",120,6,14,6
2017-03-20,"Atlanta Hawks",90,"Charlotte Hornets",105,1,4,4
2017-03-20,"Utah Jazz",100,"Indiana Pacers",107,29,12,12
2017-03-20,"Philadelphia 76ers",109,"Orlando Magic",112,23,22,22
2017-03-20,"Washington Wizards",102,"Boston Celtics",110,30,2,2
2017-03-20,"Denver Nuggets",124,"Houston Rockets",125,8,11,11
2017-03-20,"Golden State Warriors",111,"Oklahoma City Thunder",95,10,21,10
2017-03-20,"New York Knicks",105,"Los Angeles Clippers",114,20,13,13
2017-03-21,"Chicago Bulls",120,"Toronto Raptors",122,5,28,28
2017-03-21,"Detroit Pistons",96,"Brooklyn Nets",98,9,3,3
2017-03-21,"Phoenix Suns",97,"Miami Heat",112,24,16,16
2017-03-21,"Memphis Grizzlies",82,"New Orleans Pelicans",95,15,19,19
2017-03-21,"Golden State Warriors",112,"Dallas Mavericks",87,10,7,10
2017-03-21,"San Antonio Spurs",100,"Minnesota Timberwolves",93,27,18,27
2017-03-21,"Milwaukee Bucks",93,"Portland Trail Blazers",90,17,25,17
2017-03-21,"Los Angeles Clippers",133,"Los Angeles Lakers",109,13,14,13
2017-03-22,"Charlotte Hornets",109,"Orlando Magic",102,4,22,4
2017-03-22,"Indiana Pacers",100,"Boston Celtics",109,12,2,2
2017-03-22,"Detroit Pistons",95,"Chicago Bulls",117,9,5,5
2017-03-22,"Philadelphia 76ers",97,"Oklahoma City Thunder",122,23,21,21
2017-03-22,"Atlanta Hawks",100,"Washington Wizards",104,1,30,30
2017-03-22,"Cleveland Cavaliers",113,"Denver Nuggets",126,6,8,8
2017-03-22,"Milwaukee Bucks",116,"Sacramento Kings",98,17,26,17
2017-03-22,"New York Knicks",101,"Utah Jazz",108,20,29,29
2017-03-23,"Phoenix Suns",98,"Brooklyn Nets",126,24,3,3
2017-03-23,"Toronto Raptors",101,"Miami Heat",84,28,16,28
2017-03-23,"Los Angeles Clippers",95,"Dallas Mavericks",97,13,7,7
2017-03-23,"Memphis Grizzlies",90,"San Antonio Spurs",97,15,27,27
2017-03-23,"New York Knicks",95,"Portland Trail Blazers",110,20,25,25
2017-03-24,"Cleveland Cavaliers",112,"Charlotte Hornets",105,6,4,6
2017-03-24,"Denver Nuggets",125,"Indiana Pacers",117,8,12,8
2017-03-24,"Detroit Pistons",87,"Orlando Magic",115,9,22,22
2017-03-24,"Brooklyn Nets",108,"Washington Wizards",129,3,30,30
2017-03-24,"Phoenix Suns",120,"Boston Celtics",130,24,2,2
2017-03-24,"Philadelphia 76ers",117,"Chicago Bulls",107,23,5,23
2017-03-24,"New Orleans Pelicans",107,"Houston Rockets",117,19,11,11
2017-03-24,"Atlanta Hawks",97,"Milwaukee Bucks",100,1,17,17
2017-03-24,"Sacramento Kings",100,"Golden State Warriors",114,26,10,10
2017-03-24,"Minnesota Timberwolves",119,"Los Angeles Lakers",130,18,14,14
2017-03-25,"Utah Jazz",95,"Los Angeles Clippers",108,29,13,13
2017-03-25,"Washington Wizards",127,"Cleveland Cavaliers",115,30,6,30
2017-03-25,"Toronto Raptors",94,"Dallas Mavericks",86,28,7,28
2017-03-25,"New York Knicks",98,"San Antonio Spurs",106,20,27,27
2017-03-25,"Minnesota Timberwolves",100,"Portland Trail Blazers",112,18,25,25
2017-03-26,"Brooklyn Nets",107,"Atlanta Hawks",92,3,1,3
2017-03-26,"Phoenix Suns",106,"Charlotte Hornets",120,24,4,4
2017-03-26,"Oklahoma City Thunder",125,"Houston Rockets",137,21,11,11
2017-03-26,"Sacramento Kings",98,"Los Angeles Clippers",97,26,13,26
2017-03-26,"Chicago Bulls",109,"Milwaukee Bucks",94,5,17,5
2017-03-26,"Miami Heat",108,"Boston Celtics",112,16,2,2
2017-03-26,"Philadelphia 76ers",94,"Indiana Pacers",107,23,12,12
2017-03-26,"New Orleans Pelicans",115,"Denver Nuggets",90,19,8,19
2017-03-26,"Memphis Grizzlies",94,"Golden State Warriors",106,15,10,10
2017-03-26,"Portland Trail Blazers",97,"Los Angeles Lakers",81,25,14,25
2017-03-27,"Detroit Pistons",95,"New York Knicks",109,9,20,20
2017-03-27,"Orlando Magic",112,"Toronto Raptors",131,22,28,28
2017-03-27,"Cleveland Cavaliers",74,"San Antonio Spurs",103,6,27,27
2017-03-27,"Oklahoma City Thunder",92,"Dallas Mavericks",91,21,7,21
2017-03-27,"Memphis Grizzlies",90,"Sacramento Kings",91,15,26,26
2017-03-27,"New Orleans Pelicans",100,"Utah Jazz",108,19,29,29
2017-03-28,"Milwaukee Bucks",118,"Charlotte Hornets",108,17,4,17
2017-03-28,"Minnesota Timberwolves",115,"Indiana Pacers",114,18,12,18
2017-03-28,"Phoenix Suns",91,"Atlanta Hawks",95,24,1,1
2017-03-28,"Philadelphia 76ers",106,"Brooklyn Nets",101,23,3,23
2017-03-28,"Miami Heat",97,"Detroit Pistons",96,16,9,16
2017-03-28,"Golden State Warriors",113,"Houston Rockets",106,10,11,10
2017-03-28,"Denver Nuggets",113,"Portland Trail Blazers",122,8,25,25
2017-03-28,"Washington Wizards",119,"Los Angeles Lakers",108,30,14,30
2017-03-29,"Oklahoma City Thunder",114,"Orlando Magic",106,21,22,21
2017-03-29,"Atlanta Hawks",99,"Philadelphia 76ers",92,1,23,1
2017-03-29,"Milwaukee Bucks",103,"Boston Celtics",100,17,2,17
2017-03-29,"Miami Heat",105,"New York Knicks",88,16,20,16
2017-03-29,"Charlotte Hornets",110,"Toronto Raptors",106,4,28,4
2017-03-29,"Indiana Pacers",97,"Memphis Grizzlies",110,12,15,15
2017-03-29,"Dallas Mavericks",118,"New Orleans Pelicans",121,7,19,19
2017-03-29,"Golden State Warriors",110,"San Antonio Spurs",98,10,27,10
2017-03-29,"Washington Wizards",124,"Los Angeles Clippers",133,30,13,13
2017-03-29,"Utah Jazz",112,"Sacramento Kings",82,29,26,29
2017-03-30,"Brooklyn Nets",89,"Detroit Pistons",90,3,9,9
2017-03-30,"Cleveland Cavaliers",93,"Chicago Bulls",99,6,5,5
2017-03-30,"Los Angeles Lakers",104,"Minnesota Timberwolves",119,14,18,18
2017-03-30,"Los Angeles Clippers",124,"Phoenix Suns",118,13,24,13
2017-03-30,"Houston Rockets",107,"Portland Trail Blazers",117,11,25,25
2017-03-31,"Denver Nuggets",114,"Charlotte Hornets",122,8,4,4
2017-03-31,"Indiana Pacers",100,"Toronto Raptors",111,12,28,28
2017-03-31,"Orlando Magic",116,"Boston Celtics",117,22,2,2
2017-03-31,"Philadelphia 76ers",105,"Cleveland Cavaliers",122,23,6,6
2017-03-31,"Dallas Mavericks",90,"Memphis Grizzlies",99,7,15,15
2017-03-31,"New York Knicks",98,"Miami Heat",94,20,16,20
2017-03-31,"Detroit Pistons",105,"Milwaukee Bucks",108,9,17,17
2017-03-31,"Sacramento Kings",89,"New Orleans Pelicans",117,26,19,19
2017-03-31,"San Antonio Spurs",100,"Oklahoma City Thunder",95,27,21,27
2017-03-31,"Washington Wizards",88,"Utah Jazz",95,30,29,29
2017-03-31,"Houston Rockets",98,"Golden State Warriors",107,11,10,10
2017-04-01,"Los Angeles Lakers",104,"Los Angeles Clippers",115,14,13,13
2017-04-01,"Atlanta Hawks",104,"Chicago Bulls",106,1,5,5
2017-04-01,"Orlando Magic",111,"Brooklyn Nets",121,22,3,3
2017-04-01,"Sacramento Kings",123,"Minnesota Timberwolves",117,26,18,26
2017-04-01,"Phoenix Suns",117,"Portland Trail Blazers",130,24,25,25
2017-04-02,"Boston Celtics",110,"New York Knicks",94,2,20,2
2017-04-02,"Charlotte Hornets",113,"Oklahoma City Thunder",101,4,21,4
2017-04-02,"Memphis Grizzlies",103,"Los Angeles Lakers",108,15,14,14
2017-04-02,"Dallas Mavericks",109,"Milwaukee Bucks",105,7,17,7
2017-04-02,"Utah Jazz",103,"San Antonio Spurs",109,29,27,27
2017-04-02,"Atlanta Hawks",82,"Brooklyn Nets",91,1,3,3
2017-04-02,"Indiana Pacers",130,"Cleveland Cavaliers",135,12,6,6
2017-04-02,"Denver Nuggets",116,"Miami Heat",113,8,16,8
2017-04-02,"Chicago Bulls",117,"New Orleans Pelicans",110,5,19,5
2017-04-02,"Philadelphia 76ers",105,"Toronto Raptors",113,23,28,28
2017-04-02,"Washington Wizards",115,"Golden State Warriors",139,30,10,10
2017-04-02,"Houston Rockets",123,"Phoenix Suns",116,11,24,11
2017-04-03,"Portland Trail Blazers",109,"Minnesota Timberwolves",110,25,18,18
2017-04-04,"Orlando Magic",102,"Cleveland Cavaliers",122,22,6,6
2017-04-04,"Toronto Raptors",90,"Indiana Pacers",108,28,12,12
2017-04-04,"Brooklyn Nets",141,"Philadelphia 76ers",118,3,23,3
2017-04-04,"Charlotte Hornets",111,"Washington Wizards",118,4,30,30
2017-04-04,"Denver Nuggets",134,"New Orleans Pelicans",131,8,19,8
2017-04-04,"Chicago Bulls",91,"New York Knicks",100,5,20,20
2017-04-04,"Milwaukee Bucks",79,"Oklahoma City Thunder",110,17,21,21
2017-04-04,"Memphis Grizzlies",89,"San Antonio Spurs",95,15,27,27
2017-04-04,"Portland Trail Blazers",87,"Utah Jazz",106,25,29,29
2017-04-04,"Minnesota Timberwolves",107,"Golden State Warriors",121,18,10,10
2017-04-04,"Dallas Mavericks",87,"Sacramento Kings",98,7,26,26
2017-04-05,"Miami Heat",112,"Charlotte Hornets",99,16,4,16
2017-04-05,"Toronto Raptors",105,"Detroit Pistons",102,28,9,28
2017-04-05,"Cleveland Cavaliers",114,"Boston Celtics",91,6,2,6
2017-04-05,"Denver Nuggets",104,"Houston Rockets",110,8,11,11
2017-04-05,"Oklahoma City Thunder",103,"Memphis Grizzlies",100,21,15,21
2017-04-05,"Los Angeles Lakers",102,"San Antonio Spurs",95,14,27,14
2017-04-05,"Golden State Warriors",120,"Phoenix Suns",111,10,24,10
2017-04-05,"Dallas Mavericks",101,"Los Angeles Clippers",112,7,13,13
2017-04-06,"Milwaukee Bucks",89,"Indiana Pacers",104,17,12,12
2017-04-06,"Brooklyn Nets",107,"Orlando Magic",115,3,22,22
2017-04-06,"Chicago Bulls",102,"Philadelphia 76ers",90,5,23,5
2017-04-06,"Washington Wizards",106,"New York Knicks",103,30,20,30
2017-04-06,"Boston Celtics",116,"Atlanta Hawks",123,2,1,1
2017-04-06,"Minnesota Timberwolves",98,"Portland Trail Blazers",105,18,25,25
2017-04-07,"Atlanta Hawks",114,"Cleveland Cavaliers",100,1,6,1
2017-04-07,"Miami Heat",94,"Toronto Raptors",96,16,28,28
2017-04-07,"Detroit Pistons",114,"Houston Rockets",109,9,11,9
2017-04-07,"New York Knicks",88,"Memphis Grizzlies",101,20,15,15
2017-04-07,"San Antonio Spurs",102,"Dallas Mavericks",89,27,7,27
2017-04-07,"New Orleans Pelicans",106,"Denver Nuggets",122,19,8,8
2017-04-07,"Minnesota Timberwolves",113,"Utah Jazz",120,18,29,29
2017-04-07,"Oklahoma City Thunder",99,"Phoenix Suns",120,21,24,24
2017-04-07,"Sacramento Kings",94,"Los Angeles Lakers",98,26,14,14
2017-04-08,"Chicago Bulls",106,"Brooklyn Nets",107,5,3,3
2017-04-08,"Boston Celtics",121,"Charlotte Hornets",114,2,4,2
2017-04-08,"Indiana Pacers",127,"Orlando Magic",112,12,22,12
2017-04-08,"Milwaukee Bucks",90,"Philadelphia 76ers",82,17,23,17
2017-04-08,"Miami Heat",106,"Washington Wizards",103,16,30,16
2017-04-08,"Los Angeles Clippers",98,"San Antonio Spurs",87,13,27,13
2017-04-08,"Utah Jazz",86,"Portland Trail Blazers",101,29,25,25
2017-04-08,"New Orleans Pelicans",101,"Golden State Warriors",123,19,10,10
2017-04-09,"Toronto Raptors",110,"New York Knicks",97,28,20,28
2017-04-09,"Cleveland Cavaliers",125,"Atlanta Hawks",126,6,1,1
2017-04-09,"Oklahoma City Thunder",106,"Denver Nuggets",105,21,8,21
2017-04-09,"Detroit Pistons",103,"Memphis Grizzlies",90,9,15,9
2017-04-09,"Dallas Mavericks",111,"Phoenix Suns",124,7,24,24
2017-04-09,"Houston Rockets",135,"Sacramento Kings",128,11,26,11
2017-04-09,"Minnesota Timberwolves",109,"Los Angeles Lakers",110,18,14,14
2017-04-10,"Indiana Pacers",120,"Philadelphia 76ers",111,12,23,12
2017-04-10,"Brooklyn Nets",105,"Boston Celtics",114,3,2,2
2017-04-10,"Cleveland Cavaliers",121,"Miami Heat",124,6,16,16
2017-04-10,"Orlando Magic",75,"Chicago Bulls",122,22,5,5
2017-04-10,"Washington Wizards",105,"Detroit Pistons",101,30,9,30
2017-04-10,"Charlotte Hornets",79,"Milwaukee Bucks",89,4,17,17
2017-04-10,"San Antonio Spurs",98,"Portland Trail Blazers",99,27,25,25
2017-04-10,"Utah Jazz",105,"Golden State Warriors",99,29,10,29
2017-04-10,"Houston Rockets",96,"Los Angeles Clippers",125,11,13,13
2017-04-11,"Charlotte Hornets",76,"Atlanta Hawks",103,4,1,1
2017-04-11,"Oklahoma City Thunder",100,"Minnesota Timberwolves",98,21,18,21
2017-04-11,"Denver Nuggets",109,"Dallas Mavericks",91,8,7,8
2017-04-11,"New Orleans Pelicans",96,"Los Angeles Lakers",108,19,14,14
2017-04-11,"Phoenix Suns",104,"Sacramento Kings",129,24,26,26
2017-04-12,"Milwaukee Bucks",94,"Boston Celtics",112,17,2,2
2017-04-12,"Brooklyn Nets",73,"Chicago Bulls",112,3,5,5
2017-04-12,"Toronto Raptors",98,"Cleveland Cavaliers",83,28,6,28
2017-04-12,"Minnesota Timberwolves",118,"Houston Rockets",123,18,11,11
2017-04-12,"Atlanta Hawks",86,"Indiana Pacers",104,1,12,12
2017-04-12,"Dallas Mavericks",100,"Memphis Grizzlies",93,7,15,7
2017-04-12,"Washington Wizards",102,"Miami Heat",110,30,16,16
2017-04-12,"Philadelphia 76ers",113,"New York Knicks",114,23,20,20
2017-04-12,"Denver Nuggets",111,"Oklahoma City Thunder",105,8,21,8
2017-04-12,"Detroit Pistons",109,"Orlando Magic",113,9,22,22
2017-04-12,"San Antonio Spurs",97,"Utah Jazz",101,27,29,29
2017-04-12,"Los Angeles Lakers",94,"Golden State Warriors",109,14,10,10
2017-04-12,"Sacramento Kings",95,"Los Angeles Clippers",115,26,13,13
2017-04-12,"New Orleans Pelicans",103,"Portland Trail Blazers",100,19,25,19
